date,platform,entity,metric,value
2026-05-18,Website,careers_site,sessions,205
2026-05-19,Website,careers_site,sessions,214
2026-05-20,Website,careers_site,sessions,218
2026-05-21,Website,careers_site,sessions,203
2026-05-22,Website,careers_site,sessions,159
2026-05-23,Website,careers_site,sessions,118
2026-05-24,Website,careers_site,sessions,135
2026-05-25,Website,careers_site,sessions,176
2026-05-26,Website,careers_site,sessions,211
2026-05-27,Website,careers_site,sessions,218
2026-05-28,Website,careers_site,sessions,211
2026-05-29,Website,careers_site,sessions,179
2026-05-30,Website,careers_site,sessions,141
2026-05-31,Website,careers_site,sessions,149
2026-06-01,Website,careers_site,sessions,182
2026-06-02,Website,careers_site,sessions,222
2026-06-03,Website,careers_site,sessions,215
2026-06-04,Website,careers_site,sessions,212
2026-06-05,Website,careers_site,sessions,172
2026-06-06,Website,careers_site,sessions,140
2026-06-07,Website,careers_site,sessions,142
2026-06-08,Website,careers_site,sessions,188
2026-06-09,Website,careers_site,sessions,229
2026-06-10,Website,careers_site,sessions,231
2026-06-11,Website,careers_site,sessions,210
2026-06-12,Website,careers_site,sessions,174
2026-06-13,Website,careers_site,sessions,140
2026-06-14,Website,careers_site,sessions,154
2026-06-15,Website,careers_site,sessions,195
2026-06-16,Website,careers_site,sessions,250
2026-06-17,Website,careers_site,sessions,245
2026-06-18,Website,careers_site,sessions,228
2026-06-19,Website,careers_site,sessions,173
2026-06-20,Website,careers_site,sessions,138
2026-06-21,Website,careers_site,sessions,158
2026-06-22,Website,careers_site,sessions,200
2026-06-23,Website,careers_site,sessions,236
2026-06-24,Website,careers_site,sessions,225
2026-06-25,Website,careers_site,sessions,216
2026-06-26,Website,careers_site,sessions,185
2026-06-27,Website,careers_site,sessions,152
2026-06-28,Website,careers_site,sessions,155
2026-06-29,Website,careers_site,sessions,195
2026-06-30,Website,careers_site,sessions,238
2026-07-01,Website,careers_site,sessions,244
2026-07-02,Website,careers_site,sessions,234
2026-07-03,Website,careers_site,sessions,194
2026-07-04,Website,careers_site,sessions,154
2026-07-05,Website,careers_site,sessions,161
2026-07-06,Website,careers_site,sessions,204
2026-07-07,Website,careers_site,sessions,251
2026-07-08,Website,careers_site,sessions,242
2026-07-09,Website,careers_site,sessions,225
2026-07-10,Website,careers_site,sessions,178
2026-07-11,Website,careers_site,sessions,144
2026-07-12,Website,careers_site,sessions,155
2026-07-13,Website,careers_site,sessions,209
2026-07-14,Website,careers_site,sessions,251
2026-07-15,Website,careers_site,sessions,260
2026-07-16,Website,careers_site,sessions,227
2026-07-17,Website,careers_site,sessions,190
2026-07-18,Website,careers_site,sessions,142
2026-07-19,Website,careers_site,sessions,166
2026-07-20,Website,careers_site,sessions,216
2026-07-21,Website,careers_site,sessions,267
2026-07-22,Website,careers_site,sessions,262
2026-07-23,Website,careers_site,sessions,240
2026-07-24,Website,careers_site,sessions,195
2026-07-25,Website,careers_site,sessions,154
2026-07-26,Website,careers_site,sessions,160
2026-07-27,Website,careers_site,sessions,193
2026-07-28,Website,careers_site,sessions,235
2026-07-29,Website,careers_site,sessions,247
2026-07-30,Website,careers_site,sessions,242
2026-07-31,Website,careers_site,sessions,207
2026-08-01,Website,careers_site,sessions,159
2026-08-02,Website,careers_site,sessions,171
2026-08-03,Website,careers_site,sessions,218
2026-08-04,Website,careers_site,sessions,265
2026-08-05,Website,careers_site,sessions,268
2026-08-06,Website,careers_site,sessions,245
2026-08-07,Website,careers_site,sessions,202
2026-08-08,Website,careers_site,sessions,154
2026-08-09,Website,careers_site,sessions,161
2026-08-10,Website,careers_site,sessions,211
2026-08-11,Website,careers_site,sessions,258
2026-08-12,Website,careers_site,sessions,267
2026-08-13,Website,careers_site,sessions,252
2026-08-14,Website,careers_site,sessions,212
2026-08-15,Website,careers_site,sessions,169
2026-08-16,Website,careers_site,sessions,178
2026-08-17,Website,careers_site,sessions,219
2026-08-18,Website,careers_site,sessions,266
2026-08-19,Website,careers_site,sessions,256
2026-08-20,Website,careers_site,sessions,235
2026-08-21,Website,careers_site,sessions,185
2026-08-22,Website,careers_site,sessions,148
2026-08-23,Website,careers_site,sessions,172
2026-08-24,Website,careers_site,sessions,217
2026-08-25,Website,careers_site,sessions,268
2026-08-26,Website,careers_site,sessions,275
2026-08-27,Website,careers_site,sessions,265
2026-08-28,Website,careers_site,sessions,224
2026-08-29,Website,careers_site,sessions,165
2026-08-30,Website,careers_site,sessions,178
2026-08-31,Website,careers_site,sessions,216
2026-09-01,Website,careers_site,sessions,268
2026-09-02,Website,careers_site,sessions,276
2026-09-03,Website,careers_site,sessions,257
2026-09-04,Website,careers_site,sessions,215
2026-09-05,Website,careers_site,sessions,162
2026-09-06,Website,careers_site,sessions,181
2026-09-07,Website,careers_site,sessions,217
2026-09-08,Website,careers_site,sessions,269
2026-09-09,Website,careers_site,sessions,270
2026-09-10,Website,careers_site,sessions,267
2026-09-11,Website,careers_site,sessions,219
2026-09-12,Website,careers_site,sessions,181
2026-09-13,Website,careers_site,sessions,190
2026-09-14,Website,careers_site,sessions,212
2026-05-18,Website,careers_site,engaged_sessions,131
2026-05-19,Website,careers_site,engaged_sessions,134
2026-05-20,Website,careers_site,engaged_sessions,143
2026-05-21,Website,careers_site,engaged_sessions,138
2026-05-22,Website,careers_site,engaged_sessions,115
2026-05-23,Website,careers_site,engaged_sessions,89
2026-05-24,Website,careers_site,engaged_sessions,89
2026-05-25,Website,careers_site,engaged_sessions,109
2026-05-26,Website,careers_site,engaged_sessions,129
2026-05-27,Website,careers_site,engaged_sessions,132
2026-05-28,Website,careers_site,engaged_sessions,123
2026-05-29,Website,careers_site,engaged_sessions,104
2026-05-30,Website,careers_site,engaged_sessions,82
2026-05-31,Website,careers_site,engaged_sessions,87
2026-06-01,Website,careers_site,engaged_sessions,106
2026-06-02,Website,careers_site,engaged_sessions,134
2026-06-03,Website,careers_site,engaged_sessions,143
2026-06-04,Website,careers_site,engaged_sessions,146
2026-06-05,Website,careers_site,engaged_sessions,126
2026-06-06,Website,careers_site,engaged_sessions,100
2026-06-07,Website,careers_site,engaged_sessions,96
2026-06-08,Website,careers_site,engaged_sessions,107
2026-06-09,Website,careers_site,engaged_sessions,134
2026-06-10,Website,careers_site,engaged_sessions,135
2026-06-11,Website,careers_site,engaged_sessions,134
2026-06-12,Website,careers_site,engaged_sessions,107
2026-06-13,Website,careers_site,engaged_sessions,86
2026-06-14,Website,careers_site,engaged_sessions,98
2026-06-15,Website,careers_site,engaged_sessions,125
2026-06-16,Website,careers_site,engaged_sessions,152
2026-06-17,Website,careers_site,engaged_sessions,144
2026-06-18,Website,careers_site,engaged_sessions,130
2026-06-19,Website,careers_site,engaged_sessions,105
2026-06-20,Website,careers_site,engaged_sessions,84
2026-06-21,Website,careers_site,engaged_sessions,103
2026-06-22,Website,careers_site,engaged_sessions,130
2026-06-23,Website,careers_site,engaged_sessions,162
2026-06-24,Website,careers_site,engaged_sessions,153
2026-06-25,Website,careers_site,engaged_sessions,141
2026-06-26,Website,careers_site,engaged_sessions,109
2026-06-27,Website,careers_site,engaged_sessions,85
2026-06-28,Website,careers_site,engaged_sessions,104
2026-06-29,Website,careers_site,engaged_sessions,129
2026-06-30,Website,careers_site,engaged_sessions,162
2026-07-01,Website,careers_site,engaged_sessions,150
2026-07-02,Website,careers_site,engaged_sessions,149
2026-07-03,Website,careers_site,engaged_sessions,120
2026-07-04,Website,careers_site,engaged_sessions,98
2026-07-05,Website,careers_site,engaged_sessions,101
2026-07-06,Website,careers_site,engaged_sessions,124
2026-07-07,Website,careers_site,engaged_sessions,155
2026-07-08,Website,careers_site,engaged_sessions,154
2026-07-09,Website,careers_site,engaged_sessions,144
2026-07-10,Website,careers_site,engaged_sessions,113
2026-07-11,Website,careers_site,engaged_sessions,89
2026-07-12,Website,careers_site,engaged_sessions,107
2026-07-13,Website,careers_site,engaged_sessions,137
2026-07-14,Website,careers_site,engaged_sessions,166
2026-07-15,Website,careers_site,engaged_sessions,161
2026-07-16,Website,careers_site,engaged_sessions,156
2026-07-17,Website,careers_site,engaged_sessions,130
2026-07-18,Website,careers_site,engaged_sessions,102
2026-07-19,Website,careers_site,engaged_sessions,109
2026-07-20,Website,careers_site,engaged_sessions,138
2026-07-21,Website,careers_site,engaged_sessions,175
2026-07-22,Website,careers_site,engaged_sessions,171
2026-07-23,Website,careers_site,engaged_sessions,156
2026-07-24,Website,careers_site,engaged_sessions,119
2026-07-25,Website,careers_site,engaged_sessions,95
2026-07-26,Website,careers_site,engaged_sessions,114
2026-07-27,Website,careers_site,engaged_sessions,144
2026-07-28,Website,careers_site,engaged_sessions,169
2026-07-29,Website,careers_site,engaged_sessions,169
2026-07-30,Website,careers_site,engaged_sessions,156
2026-07-31,Website,careers_site,engaged_sessions,128
2026-08-01,Website,careers_site,engaged_sessions,96
2026-08-02,Website,careers_site,engaged_sessions,106
2026-08-03,Website,careers_site,engaged_sessions,136
2026-08-04,Website,careers_site,engaged_sessions,165
2026-08-05,Website,careers_site,engaged_sessions,168
2026-08-06,Website,careers_site,engaged_sessions,165
2026-08-07,Website,careers_site,engaged_sessions,137
2026-08-08,Website,careers_site,engaged_sessions,109
2026-08-09,Website,careers_site,engaged_sessions,102
2026-08-10,Website,careers_site,engaged_sessions,131
2026-08-11,Website,careers_site,engaged_sessions,157
2026-08-12,Website,careers_site,engaged_sessions,161
2026-08-13,Website,careers_site,engaged_sessions,149
2026-08-14,Website,careers_site,engaged_sessions,123
2026-08-15,Website,careers_site,engaged_sessions,102
2026-08-16,Website,careers_site,engaged_sessions,107
2026-08-17,Website,careers_site,engaged_sessions,137
2026-08-18,Website,careers_site,engaged_sessions,165
2026-08-19,Website,careers_site,engaged_sessions,170
2026-08-20,Website,careers_site,engaged_sessions,164
2026-08-21,Website,careers_site,engaged_sessions,139
2026-08-22,Website,careers_site,engaged_sessions,114
2026-08-23,Website,careers_site,engaged_sessions,117
2026-08-24,Website,careers_site,engaged_sessions,142
2026-08-25,Website,careers_site,engaged_sessions,171
2026-08-26,Website,careers_site,engaged_sessions,173
2026-08-27,Website,careers_site,engaged_sessions,167
2026-08-28,Website,careers_site,engaged_sessions,136
2026-08-29,Website,careers_site,engaged_sessions,106
2026-08-30,Website,careers_site,engaged_sessions,114
2026-08-31,Website,careers_site,engaged_sessions,159
2026-09-01,Website,careers_site,engaged_sessions,201
2026-09-02,Website,careers_site,engaged_sessions,196
2026-09-03,Website,careers_site,engaged_sessions,173
2026-09-04,Website,careers_site,engaged_sessions,130
2026-09-05,Website,careers_site,engaged_sessions,103
2026-09-06,Website,careers_site,engaged_sessions,114
2026-09-07,Website,careers_site,engaged_sessions,154
2026-09-08,Website,careers_site,engaged_sessions,185
2026-09-09,Website,careers_site,engaged_sessions,181
2026-09-10,Website,careers_site,engaged_sessions,156
2026-09-11,Website,careers_site,engaged_sessions,129
2026-09-12,Website,careers_site,engaged_sessions,99
2026-09-13,Website,careers_site,engaged_sessions,113
2026-09-14,Website,careers_site,engaged_sessions,124
2026-05-18,Website,careers_site,total_users,170
2026-05-19,Website,careers_site,total_users,165
2026-05-20,Website,careers_site,total_users,163
2026-05-21,Website,careers_site,total_users,162
2026-05-22,Website,careers_site,total_users,138
2026-05-23,Website,careers_site,total_users,112
2026-05-24,Website,careers_site,total_users,120
2026-05-25,Website,careers_site,total_users,169
2026-05-26,Website,careers_site,total_users,199
2026-05-27,Website,careers_site,total_users,189
2026-05-28,Website,careers_site,total_users,166
2026-05-29,Website,careers_site,total_users,146
2026-05-30,Website,careers_site,total_users,115
2026-05-31,Website,careers_site,total_users,120
2026-06-01,Website,careers_site,total_users,152
2026-06-02,Website,careers_site,total_users,190
2026-06-03,Website,careers_site,total_users,190
2026-06-04,Website,careers_site,total_users,176
2026-06-05,Website,careers_site,total_users,139
2026-06-06,Website,careers_site,total_users,109
2026-06-07,Website,careers_site,total_users,117
2026-06-08,Website,careers_site,total_users,153
2026-06-09,Website,careers_site,total_users,186
2026-06-10,Website,careers_site,total_users,190
2026-06-11,Website,careers_site,total_users,183
2026-06-12,Website,careers_site,total_users,155
2026-06-13,Website,careers_site,total_users,121
2026-06-14,Website,careers_site,total_users,126
2026-06-15,Website,careers_site,total_users,158
2026-06-16,Website,careers_site,total_users,189
2026-06-17,Website,careers_site,total_users,191
2026-06-18,Website,careers_site,total_users,180
2026-06-19,Website,careers_site,total_users,157
2026-06-20,Website,careers_site,total_users,127
2026-06-21,Website,careers_site,total_users,138
2026-06-22,Website,careers_site,total_users,162
2026-06-23,Website,careers_site,total_users,188
2026-06-24,Website,careers_site,total_users,193
2026-06-25,Website,careers_site,total_users,188
2026-06-26,Website,careers_site,total_users,162
2026-06-27,Website,careers_site,total_users,118
2026-06-28,Website,careers_site,total_users,131
2026-06-29,Website,careers_site,total_users,166
2026-06-30,Website,careers_site,total_users,201
2026-07-01,Website,careers_site,total_users,194
2026-07-02,Website,careers_site,total_users,182
2026-07-03,Website,careers_site,total_users,155
2026-07-04,Website,careers_site,total_users,123
2026-07-05,Website,careers_site,total_users,130
2026-07-06,Website,careers_site,total_users,163
2026-07-07,Website,careers_site,total_users,203
2026-07-08,Website,careers_site,total_users,211
2026-07-09,Website,careers_site,total_users,190
2026-07-10,Website,careers_site,total_users,154
2026-07-11,Website,careers_site,total_users,112
2026-07-12,Website,careers_site,total_users,135
2026-07-13,Website,careers_site,total_users,169
2026-07-14,Website,careers_site,total_users,197
2026-07-15,Website,careers_site,total_users,198
2026-07-16,Website,careers_site,total_users,197
2026-07-17,Website,careers_site,total_users,167
2026-07-18,Website,careers_site,total_users,133
2026-07-19,Website,careers_site,total_users,132
2026-07-20,Website,careers_site,total_users,172
2026-07-21,Website,careers_site,total_users,203
2026-07-22,Website,careers_site,total_users,203
2026-07-23,Website,careers_site,total_users,198
2026-07-24,Website,careers_site,total_users,171
2026-07-25,Website,careers_site,total_users,141
2026-07-26,Website,careers_site,total_users,151
2026-07-27,Website,careers_site,total_users,189
2026-07-28,Website,careers_site,total_users,234
2026-07-29,Website,careers_site,total_users,230
2026-07-30,Website,careers_site,total_users,220
2026-07-31,Website,careers_site,total_users,173
2026-08-01,Website,careers_site,total_users,134
2026-08-02,Website,careers_site,total_users,136
2026-08-03,Website,careers_site,total_users,180
2026-08-04,Website,careers_site,total_users,213
2026-08-05,Website,careers_site,total_users,222
2026-08-06,Website,careers_site,total_users,203
2026-08-07,Website,careers_site,total_users,177
2026-08-08,Website,careers_site,total_users,138
2026-08-09,Website,careers_site,total_users,159
2026-08-10,Website,careers_site,total_users,198
2026-08-11,Website,careers_site,total_users,227
2026-08-12,Website,careers_site,total_users,217
2026-08-13,Website,careers_site,total_users,195
2026-08-14,Website,careers_site,total_users,165
2026-08-15,Website,careers_site,total_users,132
2026-08-16,Website,careers_site,total_users,152
2026-08-17,Website,careers_site,total_users,188
2026-08-18,Website,careers_site,total_users,219
2026-08-19,Website,careers_site,total_users,216
2026-08-20,Website,careers_site,total_users,202
2026-08-21,Website,careers_site,total_users,168
2026-08-22,Website,careers_site,total_users,130
2026-08-23,Website,careers_site,total_users,154
2026-08-24,Website,careers_site,total_users,198
2026-08-25,Website,careers_site,total_users,226
2026-08-26,Website,careers_site,total_users,221
2026-08-27,Website,careers_site,total_users,205
2026-08-28,Website,careers_site,total_users,182
2026-08-29,Website,careers_site,total_users,146
2026-08-30,Website,careers_site,total_users,144
2026-08-31,Website,careers_site,total_users,178
2026-09-01,Website,careers_site,total_users,220
2026-09-02,Website,careers_site,total_users,224
2026-09-03,Website,careers_site,total_users,223
2026-09-04,Website,careers_site,total_users,181
2026-09-05,Website,careers_site,total_users,154
2026-09-06,Website,careers_site,total_users,153
2026-09-07,Website,careers_site,total_users,197
2026-09-08,Website,careers_site,total_users,245
2026-09-09,Website,careers_site,total_users,250
2026-09-10,Website,careers_site,total_users,234
2026-09-11,Website,careers_site,total_users,188
2026-09-12,Website,careers_site,total_users,144
2026-09-13,Website,careers_site,total_users,152
2026-09-14,Website,careers_site,total_users,167
2026-05-18,Website,careers_site,new_users,113
2026-05-19,Website,careers_site,new_users,117
2026-05-20,Website,careers_site,new_users,114
2026-05-21,Website,careers_site,new_users,107
2026-05-22,Website,careers_site,new_users,87
2026-05-23,Website,careers_site,new_users,70
2026-05-24,Website,careers_site,new_users,73
2026-05-25,Website,careers_site,new_users,91
2026-05-26,Website,careers_site,new_users,116
2026-05-27,Website,careers_site,new_users,119
2026-05-28,Website,careers_site,new_users,115
2026-05-29,Website,careers_site,new_users,95
2026-05-30,Website,careers_site,new_users,76
2026-05-31,Website,careers_site,new_users,80
2026-06-01,Website,careers_site,new_users,106
2026-06-02,Website,careers_site,new_users,126
2026-06-03,Website,careers_site,new_users,118
2026-06-04,Website,careers_site,new_users,109
2026-06-05,Website,careers_site,new_users,89
2026-06-06,Website,careers_site,new_users,76
2026-06-07,Website,careers_site,new_users,81
2026-06-08,Website,careers_site,new_users,97
2026-06-09,Website,careers_site,new_users,114
2026-06-10,Website,careers_site,new_users,106
2026-06-11,Website,careers_site,new_users,102
2026-06-12,Website,careers_site,new_users,87
2026-06-13,Website,careers_site,new_users,73
2026-06-14,Website,careers_site,new_users,81
2026-06-15,Website,careers_site,new_users,96
2026-06-16,Website,careers_site,new_users,111
2026-06-17,Website,careers_site,new_users,110
2026-06-18,Website,careers_site,new_users,107
2026-06-19,Website,careers_site,new_users,95
2026-06-20,Website,careers_site,new_users,75
2026-06-21,Website,careers_site,new_users,82
2026-06-22,Website,careers_site,new_users,105
2026-06-23,Website,careers_site,new_users,128
2026-06-24,Website,careers_site,new_users,130
2026-06-25,Website,careers_site,new_users,118
2026-06-26,Website,careers_site,new_users,96
2026-06-27,Website,careers_site,new_users,74
2026-06-28,Website,careers_site,new_users,84
2026-06-29,Website,careers_site,new_users,105
2026-06-30,Website,careers_site,new_users,130
2026-07-01,Website,careers_site,new_users,127
2026-07-02,Website,careers_site,new_users,121
2026-07-03,Website,careers_site,new_users,99
2026-07-04,Website,careers_site,new_users,75
2026-07-05,Website,careers_site,new_users,77
2026-07-06,Website,careers_site,new_users,92
2026-07-07,Website,careers_site,new_users,111
2026-07-08,Website,careers_site,new_users,114
2026-07-09,Website,careers_site,new_users,114
2026-07-10,Website,careers_site,new_users,100
2026-07-11,Website,careers_site,new_users,81
2026-07-12,Website,careers_site,new_users,88
2026-07-13,Website,careers_site,new_users,116
2026-07-14,Website,careers_site,new_users,139
2026-07-15,Website,careers_site,new_users,141
2026-07-16,Website,careers_site,new_users,129
2026-07-17,Website,careers_site,new_users,106
2026-07-18,Website,careers_site,new_users,78
2026-07-19,Website,careers_site,new_users,79
2026-07-20,Website,careers_site,new_users,100
2026-07-21,Website,careers_site,new_users,124
2026-07-22,Website,careers_site,new_users,132
2026-07-23,Website,careers_site,new_users,133
2026-07-24,Website,careers_site,new_users,110
2026-07-25,Website,careers_site,new_users,85
2026-07-26,Website,careers_site,new_users,82
2026-07-27,Website,careers_site,new_users,110
2026-07-28,Website,careers_site,new_users,134
2026-07-29,Website,careers_site,new_users,131
2026-07-30,Website,careers_site,new_users,125
2026-07-31,Website,careers_site,new_users,101
2026-08-01,Website,careers_site,new_users,84
2026-08-02,Website,careers_site,new_users,83
2026-08-03,Website,careers_site,new_users,106
2026-08-04,Website,careers_site,new_users,134
2026-08-05,Website,careers_site,new_users,137
2026-08-06,Website,careers_site,new_users,133
2026-08-07,Website,careers_site,new_users,109
2026-08-08,Website,careers_site,new_users,88
2026-08-09,Website,careers_site,new_users,92
2026-08-10,Website,careers_site,new_users,110
2026-08-11,Website,careers_site,new_users,138
2026-08-12,Website,careers_site,new_users,138
2026-08-13,Website,careers_site,new_users,140
2026-08-14,Website,careers_site,new_users,113
2026-08-15,Website,careers_site,new_users,90
2026-08-16,Website,careers_site,new_users,94
2026-08-17,Website,careers_site,new_users,125
2026-08-18,Website,careers_site,new_users,160
2026-08-19,Website,careers_site,new_users,159
2026-08-20,Website,careers_site,new_users,144
2026-08-21,Website,careers_site,new_users,114
2026-08-22,Website,careers_site,new_users,88
2026-08-23,Website,careers_site,new_users,95
2026-08-24,Website,careers_site,new_users,118
2026-08-25,Website,careers_site,new_users,148
2026-08-26,Website,careers_site,new_users,143
2026-08-27,Website,careers_site,new_users,130
2026-08-28,Website,careers_site,new_users,101
2026-08-29,Website,careers_site,new_users,77
2026-08-30,Website,careers_site,new_users,87
2026-08-31,Website,careers_site,new_users,115
2026-09-01,Website,careers_site,new_users,152
2026-09-02,Website,careers_site,new_users,159
2026-09-03,Website,careers_site,new_users,149
2026-09-04,Website,careers_site,new_users,117
2026-09-05,Website,careers_site,new_users,87
2026-09-06,Website,careers_site,new_users,96
2026-09-07,Website,careers_site,new_users,121
2026-09-08,Website,careers_site,new_users,152
2026-09-09,Website,careers_site,new_users,152
2026-09-10,Website,careers_site,new_users,147
2026-09-11,Website,careers_site,new_users,117
2026-09-12,Website,careers_site,new_users,93
2026-09-13,Website,careers_site,new_users,106
2026-09-14,Website,careers_site,new_users,124
2026-05-18,Website,careers_site,screen_page_views,327
2026-05-19,Website,careers_site,screen_page_views,323
2026-05-20,Website,careers_site,screen_page_views,327
2026-05-21,Website,careers_site,screen_page_views,298
2026-05-22,Website,careers_site,screen_page_views,245
2026-05-23,Website,careers_site,screen_page_views,185
2026-05-24,Website,careers_site,screen_page_views,203
2026-05-25,Website,careers_site,screen_page_views,250
2026-05-26,Website,careers_site,screen_page_views,317
2026-05-27,Website,careers_site,screen_page_views,323
2026-05-28,Website,careers_site,screen_page_views,316
2026-05-29,Website,careers_site,screen_page_views,256
2026-05-30,Website,careers_site,screen_page_views,196
2026-05-31,Website,careers_site,screen_page_views,205
2026-06-01,Website,careers_site,screen_page_views,269
2026-06-02,Website,careers_site,screen_page_views,311
2026-06-03,Website,careers_site,screen_page_views,311
2026-06-04,Website,careers_site,screen_page_views,272
2026-06-05,Website,careers_site,screen_page_views,227
2026-06-06,Website,careers_site,screen_page_views,181
2026-06-07,Website,careers_site,screen_page_views,218
2026-06-08,Website,careers_site,screen_page_views,274
2026-06-09,Website,careers_site,screen_page_views,315
2026-06-10,Website,careers_site,screen_page_views,283
2026-06-11,Website,careers_site,screen_page_views,268
2026-06-12,Website,careers_site,screen_page_views,237
2026-06-13,Website,careers_site,screen_page_views,209
2026-06-14,Website,careers_site,screen_page_views,223
2026-06-15,Website,careers_site,screen_page_views,273
2026-06-16,Website,careers_site,screen_page_views,319
2026-06-17,Website,careers_site,screen_page_views,322
2026-06-18,Website,careers_site,screen_page_views,301
2026-06-19,Website,careers_site,screen_page_views,258
2026-06-20,Website,careers_site,screen_page_views,208
2026-06-21,Website,careers_site,screen_page_views,225
2026-06-22,Website,careers_site,screen_page_views,290
2026-06-23,Website,careers_site,screen_page_views,343
2026-06-24,Website,careers_site,screen_page_views,349
2026-06-25,Website,careers_site,screen_page_views,337
2026-06-26,Website,careers_site,screen_page_views,282
2026-06-27,Website,careers_site,screen_page_views,212
2026-06-28,Website,careers_site,screen_page_views,227
2026-06-29,Website,careers_site,screen_page_views,289
2026-06-30,Website,careers_site,screen_page_views,370
2026-07-01,Website,careers_site,screen_page_views,355
2026-07-02,Website,careers_site,screen_page_views,349
2026-07-03,Website,careers_site,screen_page_views,279
2026-07-04,Website,careers_site,screen_page_views,225
2026-07-05,Website,careers_site,screen_page_views,244
2026-07-06,Website,careers_site,screen_page_views,300
2026-07-07,Website,careers_site,screen_page_views,355
2026-07-08,Website,careers_site,screen_page_views,337
2026-07-09,Website,careers_site,screen_page_views,325
2026-07-10,Website,careers_site,screen_page_views,267
2026-07-11,Website,careers_site,screen_page_views,215
2026-07-12,Website,careers_site,screen_page_views,222
2026-07-13,Website,careers_site,screen_page_views,302
2026-07-14,Website,careers_site,screen_page_views,342
2026-07-15,Website,careers_site,screen_page_views,341
2026-07-16,Website,careers_site,screen_page_views,296
2026-07-17,Website,careers_site,screen_page_views,255
2026-07-18,Website,careers_site,screen_page_views,203
2026-07-19,Website,careers_site,screen_page_views,231
2026-07-20,Website,careers_site,screen_page_views,295
2026-07-21,Website,careers_site,screen_page_views,360
2026-07-22,Website,careers_site,screen_page_views,364
2026-07-23,Website,careers_site,screen_page_views,339
2026-07-24,Website,careers_site,screen_page_views,282
2026-07-25,Website,careers_site,screen_page_views,222
2026-07-26,Website,careers_site,screen_page_views,250
2026-07-27,Website,careers_site,screen_page_views,316
2026-07-28,Website,careers_site,screen_page_views,384
2026-07-29,Website,careers_site,screen_page_views,401
2026-07-30,Website,careers_site,screen_page_views,375
2026-07-31,Website,careers_site,screen_page_views,307
2026-08-01,Website,careers_site,screen_page_views,222
2026-08-02,Website,careers_site,screen_page_views,229
2026-08-03,Website,careers_site,screen_page_views,282
2026-08-04,Website,careers_site,screen_page_views,346
2026-08-05,Website,careers_site,screen_page_views,357
2026-08-06,Website,careers_site,screen_page_views,352
2026-08-07,Website,careers_site,screen_page_views,297
2026-08-08,Website,careers_site,screen_page_views,231
2026-08-09,Website,careers_site,screen_page_views,254
2026-08-10,Website,careers_site,screen_page_views,327
2026-08-11,Website,careers_site,screen_page_views,400
2026-08-12,Website,careers_site,screen_page_views,385
2026-08-13,Website,careers_site,screen_page_views,361
2026-08-14,Website,careers_site,screen_page_views,299
2026-08-15,Website,careers_site,screen_page_views,234
2026-08-16,Website,careers_site,screen_page_views,246
2026-08-17,Website,careers_site,screen_page_views,314
2026-08-18,Website,careers_site,screen_page_views,383
2026-08-19,Website,careers_site,screen_page_views,387
2026-08-20,Website,careers_site,screen_page_views,350
2026-08-21,Website,careers_site,screen_page_views,301
2026-08-22,Website,careers_site,screen_page_views,239
2026-08-23,Website,careers_site,screen_page_views,267
2026-08-24,Website,careers_site,screen_page_views,331
2026-08-25,Website,careers_site,screen_page_views,373
2026-08-26,Website,careers_site,screen_page_views,364
2026-08-27,Website,careers_site,screen_page_views,336
2026-08-28,Website,careers_site,screen_page_views,289
2026-08-29,Website,careers_site,screen_page_views,238
2026-08-30,Website,careers_site,screen_page_views,279
2026-08-31,Website,careers_site,screen_page_views,341
2026-09-01,Website,careers_site,screen_page_views,402
2026-09-02,Website,careers_site,screen_page_views,385
2026-09-03,Website,careers_site,screen_page_views,391
2026-09-04,Website,careers_site,screen_page_views,325
2026-09-05,Website,careers_site,screen_page_views,256
2026-09-06,Website,careers_site,screen_page_views,278
2026-09-07,Website,careers_site,screen_page_views,337
2026-09-08,Website,careers_site,screen_page_views,397
2026-09-09,Website,careers_site,screen_page_views,374
2026-09-10,Website,careers_site,screen_page_views,365
2026-09-11,Website,careers_site,screen_page_views,315
2026-09-12,Website,careers_site,screen_page_views,251
2026-09-13,Website,careers_site,screen_page_views,255
2026-09-14,Website,careers_site,screen_page_views,271
2026-05-18,Website,careers_site,apply_page_views,16
2026-05-19,Website,careers_site,apply_page_views,17
2026-05-20,Website,careers_site,apply_page_views,17
2026-05-21,Website,careers_site,apply_page_views,16
2026-05-22,Website,careers_site,apply_page_views,12
2026-05-23,Website,careers_site,apply_page_views,10
2026-05-24,Website,careers_site,apply_page_views,12
2026-05-25,Website,careers_site,apply_page_views,13
2026-05-26,Website,careers_site,apply_page_views,16
2026-05-27,Website,careers_site,apply_page_views,15
2026-05-28,Website,careers_site,apply_page_views,16
2026-05-29,Website,careers_site,apply_page_views,12
2026-05-30,Website,careers_site,apply_page_views,10
2026-05-31,Website,careers_site,apply_page_views,10
2026-06-01,Website,careers_site,apply_page_views,13
2026-06-02,Website,careers_site,apply_page_views,16
2026-06-03,Website,careers_site,apply_page_views,17
2026-06-04,Website,careers_site,apply_page_views,17
2026-06-05,Website,careers_site,apply_page_views,14
2026-06-06,Website,careers_site,apply_page_views,11
2026-06-07,Website,careers_site,apply_page_views,12
2026-06-08,Website,careers_site,apply_page_views,14
2026-06-09,Website,careers_site,apply_page_views,17
2026-06-10,Website,careers_site,apply_page_views,18
2026-06-11,Website,careers_site,apply_page_views,16
2026-06-12,Website,careers_site,apply_page_views,14
2026-06-13,Website,careers_site,apply_page_views,11
2026-06-14,Website,careers_site,apply_page_views,11
2026-06-15,Website,careers_site,apply_page_views,12
2026-06-16,Website,careers_site,apply_page_views,17
2026-06-17,Website,careers_site,apply_page_views,19
2026-06-18,Website,careers_site,apply_page_views,20
2026-06-19,Website,careers_site,apply_page_views,15
2026-06-20,Website,careers_site,apply_page_views,10
2026-06-21,Website,careers_site,apply_page_views,11
2026-06-22,Website,careers_site,apply_page_views,14
2026-06-23,Website,careers_site,apply_page_views,17
2026-06-24,Website,careers_site,apply_page_views,18
2026-06-25,Website,careers_site,apply_page_views,17
2026-06-26,Website,careers_site,apply_page_views,14
2026-06-27,Website,careers_site,apply_page_views,11
2026-06-28,Website,careers_site,apply_page_views,13
2026-06-29,Website,careers_site,apply_page_views,17
2026-06-30,Website,careers_site,apply_page_views,20
2026-07-01,Website,careers_site,apply_page_views,18
2026-07-02,Website,careers_site,apply_page_views,18
2026-07-03,Website,careers_site,apply_page_views,14
2026-07-04,Website,careers_site,apply_page_views,11
2026-07-05,Website,careers_site,apply_page_views,11
2026-07-06,Website,careers_site,apply_page_views,17
2026-07-07,Website,careers_site,apply_page_views,20
2026-07-08,Website,careers_site,apply_page_views,22
2026-07-09,Website,careers_site,apply_page_views,18
2026-07-10,Website,careers_site,apply_page_views,16
2026-07-11,Website,careers_site,apply_page_views,11
2026-07-12,Website,careers_site,apply_page_views,12
2026-07-13,Website,careers_site,apply_page_views,15
2026-07-14,Website,careers_site,apply_page_views,20
2026-07-15,Website,careers_site,apply_page_views,20
2026-07-16,Website,careers_site,apply_page_views,18
2026-07-17,Website,careers_site,apply_page_views,14
2026-07-18,Website,careers_site,apply_page_views,10
2026-07-19,Website,careers_site,apply_page_views,12
2026-07-20,Website,careers_site,apply_page_views,15
2026-07-21,Website,careers_site,apply_page_views,18
2026-07-22,Website,careers_site,apply_page_views,17
2026-07-23,Website,careers_site,apply_page_views,16
2026-07-24,Website,careers_site,apply_page_views,14
2026-07-25,Website,careers_site,apply_page_views,11
2026-07-26,Website,careers_site,apply_page_views,12
2026-07-27,Website,careers_site,apply_page_views,16
2026-07-28,Website,careers_site,apply_page_views,20
2026-07-29,Website,careers_site,apply_page_views,19
2026-07-30,Website,careers_site,apply_page_views,18
2026-07-31,Website,careers_site,apply_page_views,15
2026-08-01,Website,careers_site,apply_page_views,14
2026-08-02,Website,careers_site,apply_page_views,15
2026-08-03,Website,careers_site,apply_page_views,18
2026-08-04,Website,careers_site,apply_page_views,21
2026-08-05,Website,careers_site,apply_page_views,21
2026-08-06,Website,careers_site,apply_page_views,20
2026-08-07,Website,careers_site,apply_page_views,18
2026-08-08,Website,careers_site,apply_page_views,13
2026-08-09,Website,careers_site,apply_page_views,13
2026-08-10,Website,careers_site,apply_page_views,16
2026-08-11,Website,careers_site,apply_page_views,21
2026-08-12,Website,careers_site,apply_page_views,22
2026-08-13,Website,careers_site,apply_page_views,21
2026-08-14,Website,careers_site,apply_page_views,17
2026-08-15,Website,careers_site,apply_page_views,12
2026-08-16,Website,careers_site,apply_page_views,13
2026-08-17,Website,careers_site,apply_page_views,18
2026-08-18,Website,careers_site,apply_page_views,20
2026-08-19,Website,careers_site,apply_page_views,19
2026-08-20,Website,careers_site,apply_page_views,17
2026-08-21,Website,careers_site,apply_page_views,14
2026-08-22,Website,careers_site,apply_page_views,11
2026-08-23,Website,careers_site,apply_page_views,11
2026-08-24,Website,careers_site,apply_page_views,16
2026-08-25,Website,careers_site,apply_page_views,21
2026-08-26,Website,careers_site,apply_page_views,22
2026-08-27,Website,careers_site,apply_page_views,20
2026-08-28,Website,careers_site,apply_page_views,16
2026-08-29,Website,careers_site,apply_page_views,13
2026-08-30,Website,careers_site,apply_page_views,14
2026-08-31,Website,careers_site,apply_page_views,16
2026-09-01,Website,careers_site,apply_page_views,21
2026-09-02,Website,careers_site,apply_page_views,21
2026-09-03,Website,careers_site,apply_page_views,21
2026-09-04,Website,careers_site,apply_page_views,17
2026-09-05,Website,careers_site,apply_page_views,14
2026-09-06,Website,careers_site,apply_page_views,14
2026-09-07,Website,careers_site,apply_page_views,17
2026-09-08,Website,careers_site,apply_page_views,21
2026-09-09,Website,careers_site,apply_page_views,21
2026-09-10,Website,careers_site,apply_page_views,18
2026-09-11,Website,careers_site,apply_page_views,15
2026-09-12,Website,careers_site,apply_page_views,12
2026-09-13,Website,careers_site,apply_page_views,14
2026-09-14,Website,careers_site,apply_page_views,14
2026-05-18,Website,careers_site,avg_engagement_time_sec,59
2026-05-19,Website,careers_site,avg_engagement_time_sec,55
2026-05-20,Website,careers_site,avg_engagement_time_sec,53
2026-05-21,Website,careers_site,avg_engagement_time_sec,47
2026-05-22,Website,careers_site,avg_engagement_time_sec,42
2026-05-23,Website,careers_site,avg_engagement_time_sec,35
2026-05-24,Website,careers_site,avg_engagement_time_sec,39
2026-05-25,Website,careers_site,avg_engagement_time_sec,46
2026-05-26,Website,careers_site,avg_engagement_time_sec,54
2026-05-27,Website,careers_site,avg_engagement_time_sec,54
2026-05-28,Website,careers_site,avg_engagement_time_sec,53
2026-05-29,Website,careers_site,avg_engagement_time_sec,45
2026-05-30,Website,careers_site,avg_engagement_time_sec,35
2026-05-31,Website,careers_site,avg_engagement_time_sec,37
2026-06-01,Website,careers_site,avg_engagement_time_sec,47
2026-06-02,Website,careers_site,avg_engagement_time_sec,59
2026-06-03,Website,careers_site,avg_engagement_time_sec,59
2026-06-04,Website,careers_site,avg_engagement_time_sec,54
2026-06-05,Website,careers_site,avg_engagement_time_sec,41
2026-06-06,Website,careers_site,avg_engagement_time_sec,31
2026-06-07,Website,careers_site,avg_engagement_time_sec,38
2026-06-08,Website,careers_site,avg_engagement_time_sec,47
2026-06-09,Website,careers_site,avg_engagement_time_sec,54
2026-06-10,Website,careers_site,avg_engagement_time_sec,53
2026-06-11,Website,careers_site,avg_engagement_time_sec,52
2026-06-12,Website,careers_site,avg_engagement_time_sec,47
2026-06-13,Website,careers_site,avg_engagement_time_sec,37
2026-06-14,Website,careers_site,avg_engagement_time_sec,38
2026-06-15,Website,careers_site,avg_engagement_time_sec,45
2026-06-16,Website,careers_site,avg_engagement_time_sec,55
2026-06-17,Website,careers_site,avg_engagement_time_sec,55
2026-06-18,Website,careers_site,avg_engagement_time_sec,52
2026-06-19,Website,careers_site,avg_engagement_time_sec,44
2026-06-20,Website,careers_site,avg_engagement_time_sec,36
2026-06-21,Website,careers_site,avg_engagement_time_sec,41
2026-06-22,Website,careers_site,avg_engagement_time_sec,48
2026-06-23,Website,careers_site,avg_engagement_time_sec,58
2026-06-24,Website,careers_site,avg_engagement_time_sec,58
2026-06-25,Website,careers_site,avg_engagement_time_sec,56
2026-06-26,Website,careers_site,avg_engagement_time_sec,46
2026-06-27,Website,careers_site,avg_engagement_time_sec,36
2026-06-28,Website,careers_site,avg_engagement_time_sec,39
2026-06-29,Website,careers_site,avg_engagement_time_sec,49
2026-06-30,Website,careers_site,avg_engagement_time_sec,59
2026-07-01,Website,careers_site,avg_engagement_time_sec,56
2026-07-02,Website,careers_site,avg_engagement_time_sec,52
2026-07-03,Website,careers_site,avg_engagement_time_sec,41
2026-07-04,Website,careers_site,avg_engagement_time_sec,33
2026-07-05,Website,careers_site,avg_engagement_time_sec,38
2026-07-06,Website,careers_site,avg_engagement_time_sec,51
2026-07-07,Website,careers_site,avg_engagement_time_sec,64
2026-07-08,Website,careers_site,avg_engagement_time_sec,62
2026-07-09,Website,careers_site,avg_engagement_time_sec,58
2026-07-10,Website,careers_site,avg_engagement_time_sec,46
2026-07-11,Website,careers_site,avg_engagement_time_sec,36
2026-07-12,Website,careers_site,avg_engagement_time_sec,35
2026-07-13,Website,careers_site,avg_engagement_time_sec,46
2026-07-14,Website,careers_site,avg_engagement_time_sec,56
2026-07-15,Website,careers_site,avg_engagement_time_sec,56
2026-07-16,Website,careers_site,avg_engagement_time_sec,52
2026-07-17,Website,careers_site,avg_engagement_time_sec,42
2026-07-18,Website,careers_site,avg_engagement_time_sec,36
2026-07-19,Website,careers_site,avg_engagement_time_sec,39
2026-07-20,Website,careers_site,avg_engagement_time_sec,49
2026-07-21,Website,careers_site,avg_engagement_time_sec,59
2026-07-22,Website,careers_site,avg_engagement_time_sec,57
2026-07-23,Website,careers_site,avg_engagement_time_sec,54
2026-07-24,Website,careers_site,avg_engagement_time_sec,43
2026-07-25,Website,careers_site,avg_engagement_time_sec,33
2026-07-26,Website,careers_site,avg_engagement_time_sec,35
2026-07-27,Website,careers_site,avg_engagement_time_sec,43
2026-07-28,Website,careers_site,avg_engagement_time_sec,55
2026-07-29,Website,careers_site,avg_engagement_time_sec,56
2026-07-30,Website,careers_site,avg_engagement_time_sec,53
2026-07-31,Website,careers_site,avg_engagement_time_sec,42
2026-08-01,Website,careers_site,avg_engagement_time_sec,33
2026-08-02,Website,careers_site,avg_engagement_time_sec,39
2026-08-03,Website,careers_site,avg_engagement_time_sec,50
2026-08-04,Website,careers_site,avg_engagement_time_sec,60
2026-08-05,Website,careers_site,avg_engagement_time_sec,57
2026-08-06,Website,careers_site,avg_engagement_time_sec,51
2026-08-07,Website,careers_site,avg_engagement_time_sec,42
2026-08-08,Website,careers_site,avg_engagement_time_sec,34
2026-08-09,Website,careers_site,avg_engagement_time_sec,39
2026-08-10,Website,careers_site,avg_engagement_time_sec,50
2026-08-11,Website,careers_site,avg_engagement_time_sec,60
2026-08-12,Website,careers_site,avg_engagement_time_sec,56
2026-08-13,Website,careers_site,avg_engagement_time_sec,51
2026-08-14,Website,careers_site,avg_engagement_time_sec,42
2026-08-15,Website,careers_site,avg_engagement_time_sec,34
2026-08-16,Website,careers_site,avg_engagement_time_sec,36
2026-08-17,Website,careers_site,avg_engagement_time_sec,46
2026-08-18,Website,careers_site,avg_engagement_time_sec,56
2026-08-19,Website,careers_site,avg_engagement_time_sec,55
2026-08-20,Website,careers_site,avg_engagement_time_sec,52
2026-08-21,Website,careers_site,avg_engagement_time_sec,43
2026-08-22,Website,careers_site,avg_engagement_time_sec,35
2026-08-23,Website,careers_site,avg_engagement_time_sec,37
2026-08-24,Website,careers_site,avg_engagement_time_sec,45
2026-08-25,Website,careers_site,avg_engagement_time_sec,55
2026-08-26,Website,careers_site,avg_engagement_time_sec,56
2026-08-27,Website,careers_site,avg_engagement_time_sec,53
2026-08-28,Website,careers_site,avg_engagement_time_sec,43
2026-08-29,Website,careers_site,avg_engagement_time_sec,30
2026-08-30,Website,careers_site,avg_engagement_time_sec,34
2026-08-31,Website,careers_site,avg_engagement_time_sec,45
2026-09-01,Website,careers_site,avg_engagement_time_sec,57
2026-09-02,Website,careers_site,avg_engagement_time_sec,58
2026-09-03,Website,careers_site,avg_engagement_time_sec,52
2026-09-04,Website,careers_site,avg_engagement_time_sec,43
2026-09-05,Website,careers_site,avg_engagement_time_sec,32
2026-09-06,Website,careers_site,avg_engagement_time_sec,37
2026-09-07,Website,careers_site,avg_engagement_time_sec,45
2026-09-08,Website,careers_site,avg_engagement_time_sec,53
2026-09-09,Website,careers_site,avg_engagement_time_sec,54
2026-09-10,Website,careers_site,avg_engagement_time_sec,51
2026-09-11,Website,careers_site,avg_engagement_time_sec,43
2026-09-12,Website,careers_site,avg_engagement_time_sec,36
2026-09-13,Website,careers_site,avg_engagement_time_sec,39
2026-09-14,Website,careers_site,avg_engagement_time_sec,42
2026-05-18,LinkedIn,company_page,impressions,2785
2026-05-19,LinkedIn,company_page,impressions,2866
2026-05-20,LinkedIn,company_page,impressions,2739
2026-05-21,LinkedIn,company_page,impressions,2604
2026-05-22,LinkedIn,company_page,impressions,2054
2026-05-23,LinkedIn,company_page,impressions,1724
2026-05-24,LinkedIn,company_page,impressions,1894
2026-05-25,LinkedIn,company_page,impressions,2284
2026-05-26,LinkedIn,company_page,impressions,2742
2026-05-27,LinkedIn,company_page,impressions,2666
2026-05-28,LinkedIn,company_page,impressions,2544
2026-05-29,LinkedIn,company_page,impressions,2059
2026-05-30,LinkedIn,company_page,impressions,1636
2026-05-31,LinkedIn,company_page,impressions,1806
2026-06-01,LinkedIn,company_page,impressions,2237
2026-06-02,LinkedIn,company_page,impressions,2764
2026-06-03,LinkedIn,company_page,impressions,2782
2026-06-04,LinkedIn,company_page,impressions,2514
2026-06-05,LinkedIn,company_page,impressions,2057
2026-06-06,LinkedIn,company_page,impressions,1535
2026-06-07,LinkedIn,company_page,impressions,1675
2026-06-08,LinkedIn,company_page,impressions,2118
2026-06-09,LinkedIn,company_page,impressions,2671
2026-06-10,LinkedIn,company_page,impressions,2731
2026-06-11,LinkedIn,company_page,impressions,2638
2026-06-12,LinkedIn,company_page,impressions,2115
2026-06-13,LinkedIn,company_page,impressions,1684
2026-06-14,LinkedIn,company_page,impressions,1714
2026-06-15,LinkedIn,company_page,impressions,2243
2026-06-16,LinkedIn,company_page,impressions,2801
2026-06-17,LinkedIn,company_page,impressions,2777
2026-06-18,LinkedIn,company_page,impressions,2674
2026-06-19,LinkedIn,company_page,impressions,2180
2026-06-20,LinkedIn,company_page,impressions,1710
2026-06-21,LinkedIn,company_page,impressions,1646
2026-06-22,LinkedIn,company_page,impressions,2133
2026-06-23,LinkedIn,company_page,impressions,2715
2026-06-24,LinkedIn,company_page,impressions,2861
2026-06-25,LinkedIn,company_page,impressions,2704
2026-06-26,LinkedIn,company_page,impressions,2246
2026-06-27,LinkedIn,company_page,impressions,1802
2026-06-28,LinkedIn,company_page,impressions,1850
2026-06-29,LinkedIn,company_page,impressions,2248
2026-06-30,LinkedIn,company_page,impressions,2669
2026-07-01,LinkedIn,company_page,impressions,2782
2026-07-02,LinkedIn,company_page,impressions,2799
2026-07-03,LinkedIn,company_page,impressions,2376
2026-07-04,LinkedIn,company_page,impressions,1767
2026-07-05,LinkedIn,company_page,impressions,1685
2026-07-06,LinkedIn,company_page,impressions,2144
2026-07-07,LinkedIn,company_page,impressions,2742
2026-07-08,LinkedIn,company_page,impressions,2850
2026-07-09,LinkedIn,company_page,impressions,2758
2026-07-10,LinkedIn,company_page,impressions,2288
2026-07-11,LinkedIn,company_page,impressions,1855
2026-07-12,LinkedIn,company_page,impressions,1934
2026-07-13,LinkedIn,company_page,impressions,2394
2026-07-14,LinkedIn,company_page,impressions,2955
2026-07-15,LinkedIn,company_page,impressions,2894
2026-07-16,LinkedIn,company_page,impressions,2827
2026-07-17,LinkedIn,company_page,impressions,2281
2026-07-18,LinkedIn,company_page,impressions,1884
2026-07-19,LinkedIn,company_page,impressions,2121
2026-07-20,LinkedIn,company_page,impressions,2591
2026-07-21,LinkedIn,company_page,impressions,3341
2026-07-22,LinkedIn,company_page,impressions,3203
2026-07-23,LinkedIn,company_page,impressions,2998
2026-07-24,LinkedIn,company_page,impressions,2308
2026-07-25,LinkedIn,company_page,impressions,1763
2026-07-26,LinkedIn,company_page,impressions,1930
2026-07-27,LinkedIn,company_page,impressions,2497
2026-07-28,LinkedIn,company_page,impressions,3167
2026-07-29,LinkedIn,company_page,impressions,3185
2026-07-30,LinkedIn,company_page,impressions,3051
2026-07-31,LinkedIn,company_page,impressions,2524
2026-08-01,LinkedIn,company_page,impressions,2100
2026-08-02,LinkedIn,company_page,impressions,2215
2026-08-03,LinkedIn,company_page,impressions,2828
2026-08-04,LinkedIn,company_page,impressions,3199
2026-08-05,LinkedIn,company_page,impressions,3136
2026-08-06,LinkedIn,company_page,impressions,2782
2026-08-07,LinkedIn,company_page,impressions,2412
2026-08-08,LinkedIn,company_page,impressions,1875
2026-08-09,LinkedIn,company_page,impressions,2068
2026-08-10,LinkedIn,company_page,impressions,2782
2026-08-11,LinkedIn,company_page,impressions,3391
2026-08-12,LinkedIn,company_page,impressions,3447
2026-08-13,LinkedIn,company_page,impressions,3088
2026-08-14,LinkedIn,company_page,impressions,2559
2026-08-15,LinkedIn,company_page,impressions,1975
2026-08-16,LinkedIn,company_page,impressions,2176
2026-08-17,LinkedIn,company_page,impressions,2840
2026-08-18,LinkedIn,company_page,impressions,3598
2026-08-19,LinkedIn,company_page,impressions,3594
2026-08-20,LinkedIn,company_page,impressions,3354
2026-08-21,LinkedIn,company_page,impressions,2598
2026-08-22,LinkedIn,company_page,impressions,2010
2026-08-23,LinkedIn,company_page,impressions,2195
2026-08-24,LinkedIn,company_page,impressions,2898
2026-08-25,LinkedIn,company_page,impressions,3541
2026-08-26,LinkedIn,company_page,impressions,3544
2026-08-27,LinkedIn,company_page,impressions,3320
2026-08-28,LinkedIn,company_page,impressions,2791
2026-08-29,LinkedIn,company_page,impressions,2158
2026-08-30,LinkedIn,company_page,impressions,2240
2026-08-31,LinkedIn,company_page,impressions,2797
2026-09-01,LinkedIn,company_page,impressions,3143
2026-09-02,LinkedIn,company_page,impressions,3216
2026-09-03,LinkedIn,company_page,impressions,2717
2026-09-04,LinkedIn,company_page,impressions,2333
2026-09-05,LinkedIn,company_page,impressions,1742
2026-09-06,LinkedIn,company_page,impressions,2220
2026-09-07,LinkedIn,company_page,impressions,2782
2026-09-08,LinkedIn,company_page,impressions,3336
2026-09-09,LinkedIn,company_page,impressions,3424
2026-09-10,LinkedIn,company_page,impressions,3306
2026-09-11,LinkedIn,company_page,impressions,2895
2026-09-12,LinkedIn,company_page,impressions,2186
2026-09-13,LinkedIn,company_page,impressions,2416
2026-09-14,LinkedIn,company_page,impressions,2578
2026-05-18,LinkedIn,company_page,members_reached,1916
2026-05-19,LinkedIn,company_page,members_reached,1821
2026-05-20,LinkedIn,company_page,members_reached,1726
2026-05-21,LinkedIn,company_page,members_reached,1621
2026-05-22,LinkedIn,company_page,members_reached,1341
2026-05-23,LinkedIn,company_page,members_reached,1040
2026-05-24,LinkedIn,company_page,members_reached,1079
2026-05-25,LinkedIn,company_page,members_reached,1487
2026-05-26,LinkedIn,company_page,members_reached,1832
2026-05-27,LinkedIn,company_page,members_reached,1864
2026-05-28,LinkedIn,company_page,members_reached,1704
2026-05-29,LinkedIn,company_page,members_reached,1403
2026-05-30,LinkedIn,company_page,members_reached,1131
2026-05-31,LinkedIn,company_page,members_reached,1159
2026-06-01,LinkedIn,company_page,members_reached,1403
2026-06-02,LinkedIn,company_page,members_reached,1798
2026-06-03,LinkedIn,company_page,members_reached,1838
2026-06-04,LinkedIn,company_page,members_reached,1728
2026-06-05,LinkedIn,company_page,members_reached,1362
2026-06-06,LinkedIn,company_page,members_reached,1087
2026-06-07,LinkedIn,company_page,members_reached,1153
2026-06-08,LinkedIn,company_page,members_reached,1475
2026-06-09,LinkedIn,company_page,members_reached,1858
2026-06-10,LinkedIn,company_page,members_reached,1980
2026-06-11,LinkedIn,company_page,members_reached,1897
2026-06-12,LinkedIn,company_page,members_reached,1487
2026-06-13,LinkedIn,company_page,members_reached,1155
2026-06-14,LinkedIn,company_page,members_reached,1188
2026-06-15,LinkedIn,company_page,members_reached,1530
2026-06-16,LinkedIn,company_page,members_reached,1933
2026-06-17,LinkedIn,company_page,members_reached,2050
2026-06-18,LinkedIn,company_page,members_reached,2075
2026-06-19,LinkedIn,company_page,members_reached,1738
2026-06-20,LinkedIn,company_page,members_reached,1317
2026-06-21,LinkedIn,company_page,members_reached,1328
2026-06-22,LinkedIn,company_page,members_reached,1670
2026-06-23,LinkedIn,company_page,members_reached,2044
2026-06-24,LinkedIn,company_page,members_reached,2035
2026-06-25,LinkedIn,company_page,members_reached,1924
2026-06-26,LinkedIn,company_page,members_reached,1584
2026-06-27,LinkedIn,company_page,members_reached,1222
2026-06-28,LinkedIn,company_page,members_reached,1238
2026-06-29,LinkedIn,company_page,members_reached,1624
2026-06-30,LinkedIn,company_page,members_reached,2016
2026-07-01,LinkedIn,company_page,members_reached,2070
2026-07-02,LinkedIn,company_page,members_reached,1957
2026-07-03,LinkedIn,company_page,members_reached,1608
2026-07-04,LinkedIn,company_page,members_reached,1272
2026-07-05,LinkedIn,company_page,members_reached,1349
2026-07-06,LinkedIn,company_page,members_reached,1624
2026-07-07,LinkedIn,company_page,members_reached,2076
2026-07-08,LinkedIn,company_page,members_reached,2023
2026-07-09,LinkedIn,company_page,members_reached,1902
2026-07-10,LinkedIn,company_page,members_reached,1423
2026-07-11,LinkedIn,company_page,members_reached,1080
2026-07-12,LinkedIn,company_page,members_reached,1271
2026-07-13,LinkedIn,company_page,members_reached,1641
2026-07-14,LinkedIn,company_page,members_reached,2033
2026-07-15,LinkedIn,company_page,members_reached,2077
2026-07-16,LinkedIn,company_page,members_reached,2004
2026-07-17,LinkedIn,company_page,members_reached,1690
2026-07-18,LinkedIn,company_page,members_reached,1312
2026-07-19,LinkedIn,company_page,members_reached,1427
2026-07-20,LinkedIn,company_page,members_reached,1625
2026-07-21,LinkedIn,company_page,members_reached,1975
2026-07-22,LinkedIn,company_page,members_reached,1788
2026-07-23,LinkedIn,company_page,members_reached,1826
2026-07-24,LinkedIn,company_page,members_reached,1497
2026-07-25,LinkedIn,company_page,members_reached,1326
2026-07-26,LinkedIn,company_page,members_reached,1501
2026-07-27,LinkedIn,company_page,members_reached,1881
2026-07-28,LinkedIn,company_page,members_reached,2206
2026-07-29,LinkedIn,company_page,members_reached,2163
2026-07-30,LinkedIn,company_page,members_reached,2000
2026-07-31,LinkedIn,company_page,members_reached,1675
2026-08-01,LinkedIn,company_page,members_reached,1312
2026-08-02,LinkedIn,company_page,members_reached,1402
2026-08-03,LinkedIn,company_page,members_reached,1833
2026-08-04,LinkedIn,company_page,members_reached,2252
2026-08-05,LinkedIn,company_page,members_reached,2229
2026-08-06,LinkedIn,company_page,members_reached,2111
2026-08-07,LinkedIn,company_page,members_reached,1720
2026-08-08,LinkedIn,company_page,members_reached,1423
2026-08-09,LinkedIn,company_page,members_reached,1406
2026-08-10,LinkedIn,company_page,members_reached,1694
2026-08-11,LinkedIn,company_page,members_reached,2059
2026-08-12,LinkedIn,company_page,members_reached,2158
2026-08-13,LinkedIn,company_page,members_reached,2042
2026-08-14,LinkedIn,company_page,members_reached,1726
2026-08-15,LinkedIn,company_page,members_reached,1269
2026-08-16,LinkedIn,company_page,members_reached,1414
2026-08-17,LinkedIn,company_page,members_reached,1789
2026-08-18,LinkedIn,company_page,members_reached,2436
2026-08-19,LinkedIn,company_page,members_reached,2355
2026-08-20,LinkedIn,company_page,members_reached,2318
2026-08-21,LinkedIn,company_page,members_reached,1757
2026-08-22,LinkedIn,company_page,members_reached,1492
2026-08-23,LinkedIn,company_page,members_reached,1508
2026-08-24,LinkedIn,company_page,members_reached,1927
2026-08-25,LinkedIn,company_page,members_reached,2323
2026-08-26,LinkedIn,company_page,members_reached,2428
2026-08-27,LinkedIn,company_page,members_reached,2239
2026-08-28,LinkedIn,company_page,members_reached,1910
2026-08-29,LinkedIn,company_page,members_reached,1391
2026-08-30,LinkedIn,company_page,members_reached,1519
2026-08-31,LinkedIn,company_page,members_reached,1787
2026-09-01,LinkedIn,company_page,members_reached,2275
2026-09-02,LinkedIn,company_page,members_reached,2395
2026-09-03,LinkedIn,company_page,members_reached,2347
2026-09-04,LinkedIn,company_page,members_reached,1912
2026-09-05,LinkedIn,company_page,members_reached,1369
2026-09-06,LinkedIn,company_page,members_reached,1460
2026-09-07,LinkedIn,company_page,members_reached,1743
2026-09-08,LinkedIn,company_page,members_reached,2147
2026-09-09,LinkedIn,company_page,members_reached,2187
2026-09-10,LinkedIn,company_page,members_reached,2274
2026-09-11,LinkedIn,company_page,members_reached,2062
2026-09-12,LinkedIn,company_page,members_reached,1624
2026-09-13,LinkedIn,company_page,members_reached,1753
2026-09-14,LinkedIn,company_page,members_reached,1855
2026-05-18,LinkedIn,company_page,reactions,65
2026-05-19,LinkedIn,company_page,reactions,67
2026-05-20,LinkedIn,company_page,reactions,66
2026-05-21,LinkedIn,company_page,reactions,64
2026-05-22,LinkedIn,company_page,reactions,51
2026-05-23,LinkedIn,company_page,reactions,38
2026-05-24,LinkedIn,company_page,reactions,36
2026-05-25,LinkedIn,company_page,reactions,50
2026-05-26,LinkedIn,company_page,reactions,63
2026-05-27,LinkedIn,company_page,reactions,66
2026-05-28,LinkedIn,company_page,reactions,61
2026-05-29,LinkedIn,company_page,reactions,52
2026-05-30,LinkedIn,company_page,reactions,42
2026-05-31,LinkedIn,company_page,reactions,43
2026-06-01,LinkedIn,company_page,reactions,57
2026-06-02,LinkedIn,company_page,reactions,74
2026-06-03,LinkedIn,company_page,reactions,78
2026-06-04,LinkedIn,company_page,reactions,73
2026-06-05,LinkedIn,company_page,reactions,59
2026-06-06,LinkedIn,company_page,reactions,47
2026-06-07,LinkedIn,company_page,reactions,50
2026-06-08,LinkedIn,company_page,reactions,62
2026-06-09,LinkedIn,company_page,reactions,74
2026-06-10,LinkedIn,company_page,reactions,70
2026-06-11,LinkedIn,company_page,reactions,66
2026-06-12,LinkedIn,company_page,reactions,51
2026-06-13,LinkedIn,company_page,reactions,41
2026-06-14,LinkedIn,company_page,reactions,46
2026-06-15,LinkedIn,company_page,reactions,63
2026-06-16,LinkedIn,company_page,reactions,82
2026-06-17,LinkedIn,company_page,reactions,77
2026-06-18,LinkedIn,company_page,reactions,68
2026-06-19,LinkedIn,company_page,reactions,51
2026-06-20,LinkedIn,company_page,reactions,40
2026-06-21,LinkedIn,company_page,reactions,46
2026-06-22,LinkedIn,company_page,reactions,63
2026-06-23,LinkedIn,company_page,reactions,75
2026-06-24,LinkedIn,company_page,reactions,76
2026-06-25,LinkedIn,company_page,reactions,66
2026-06-26,LinkedIn,company_page,reactions,55
2026-06-27,LinkedIn,company_page,reactions,42
2026-06-28,LinkedIn,company_page,reactions,46
2026-06-29,LinkedIn,company_page,reactions,57
2026-06-30,LinkedIn,company_page,reactions,70
2026-07-01,LinkedIn,company_page,reactions,71
2026-07-02,LinkedIn,company_page,reactions,73
2026-07-03,LinkedIn,company_page,reactions,61
2026-07-04,LinkedIn,company_page,reactions,49
2026-07-05,LinkedIn,company_page,reactions,41
2026-07-06,LinkedIn,company_page,reactions,51
2026-07-07,LinkedIn,company_page,reactions,64
2026-07-08,LinkedIn,company_page,reactions,69
2026-07-09,LinkedIn,company_page,reactions,72
2026-07-10,LinkedIn,company_page,reactions,60
2026-07-11,LinkedIn,company_page,reactions,51
2026-07-12,LinkedIn,company_page,reactions,51
2026-07-13,LinkedIn,company_page,reactions,64
2026-07-14,LinkedIn,company_page,reactions,76
2026-07-15,LinkedIn,company_page,reactions,76
2026-07-16,LinkedIn,company_page,reactions,77
2026-07-17,LinkedIn,company_page,reactions,60
2026-07-18,LinkedIn,company_page,reactions,44
2026-07-19,LinkedIn,company_page,reactions,41
2026-07-20,LinkedIn,company_page,reactions,58
2026-07-21,LinkedIn,company_page,reactions,78
2026-07-22,LinkedIn,company_page,reactions,81
2026-07-23,LinkedIn,company_page,reactions,76
2026-07-24,LinkedIn,company_page,reactions,63
2026-07-25,LinkedIn,company_page,reactions,50
2026-07-26,LinkedIn,company_page,reactions,55
2026-07-27,LinkedIn,company_page,reactions,70
2026-07-28,LinkedIn,company_page,reactions,84
2026-07-29,LinkedIn,company_page,reactions,81
2026-07-30,LinkedIn,company_page,reactions,76
2026-07-31,LinkedIn,company_page,reactions,62
2026-08-01,LinkedIn,company_page,reactions,50
2026-08-02,LinkedIn,company_page,reactions,57
2026-08-03,LinkedIn,company_page,reactions,62
2026-08-04,LinkedIn,company_page,reactions,71
2026-08-05,LinkedIn,company_page,reactions,63
2026-08-06,LinkedIn,company_page,reactions,66
2026-08-07,LinkedIn,company_page,reactions,57
2026-08-08,LinkedIn,company_page,reactions,45
2026-08-09,LinkedIn,company_page,reactions,46
2026-08-10,LinkedIn,company_page,reactions,57
2026-08-11,LinkedIn,company_page,reactions,84
2026-08-12,LinkedIn,company_page,reactions,93
2026-08-13,LinkedIn,company_page,reactions,91
2026-08-14,LinkedIn,company_page,reactions,68
2026-08-15,LinkedIn,company_page,reactions,46
2026-08-16,LinkedIn,company_page,reactions,44
2026-08-17,LinkedIn,company_page,reactions,58
2026-08-18,LinkedIn,company_page,reactions,72
2026-08-19,LinkedIn,company_page,reactions,79
2026-08-20,LinkedIn,company_page,reactions,70
2026-08-21,LinkedIn,company_page,reactions,58
2026-08-22,LinkedIn,company_page,reactions,44
2026-08-23,LinkedIn,company_page,reactions,54
2026-08-24,LinkedIn,company_page,reactions,72
2026-08-25,LinkedIn,company_page,reactions,82
2026-08-26,LinkedIn,company_page,reactions,84
2026-08-27,LinkedIn,company_page,reactions,75
2026-08-28,LinkedIn,company_page,reactions,67
2026-08-29,LinkedIn,company_page,reactions,50
2026-08-30,LinkedIn,company_page,reactions,51
2026-08-31,LinkedIn,company_page,reactions,63
2026-09-01,LinkedIn,company_page,reactions,81
2026-09-02,LinkedIn,company_page,reactions,88
2026-09-03,LinkedIn,company_page,reactions,84
2026-09-04,LinkedIn,company_page,reactions,71
2026-09-05,LinkedIn,company_page,reactions,56
2026-09-06,LinkedIn,company_page,reactions,60
2026-09-07,LinkedIn,company_page,reactions,74
2026-09-08,LinkedIn,company_page,reactions,96
2026-09-09,LinkedIn,company_page,reactions,104
2026-09-10,LinkedIn,company_page,reactions,93
2026-09-11,LinkedIn,company_page,reactions,69
2026-09-12,LinkedIn,company_page,reactions,50
2026-09-13,LinkedIn,company_page,reactions,54
2026-09-14,LinkedIn,company_page,reactions,61
2026-05-18,LinkedIn,company_page,comments,9
2026-05-19,LinkedIn,company_page,comments,10
2026-05-20,LinkedIn,company_page,comments,11
2026-05-21,LinkedIn,company_page,comments,10
2026-05-22,LinkedIn,company_page,comments,8
2026-05-23,LinkedIn,company_page,comments,6
2026-05-24,LinkedIn,company_page,comments,6
2026-05-25,LinkedIn,company_page,comments,10
2026-05-26,LinkedIn,company_page,comments,12
2026-05-27,LinkedIn,company_page,comments,13
2026-05-28,LinkedIn,company_page,comments,11
2026-05-29,LinkedIn,company_page,comments,9
2026-05-30,LinkedIn,company_page,comments,6
2026-05-31,LinkedIn,company_page,comments,5
2026-06-01,LinkedIn,company_page,comments,7
2026-06-02,LinkedIn,company_page,comments,8
2026-06-03,LinkedIn,company_page,comments,8
2026-06-04,LinkedIn,company_page,comments,8
2026-06-05,LinkedIn,company_page,comments,7
2026-06-06,LinkedIn,company_page,comments,7
2026-06-07,LinkedIn,company_page,comments,8
2026-06-08,LinkedIn,company_page,comments,10
2026-06-09,LinkedIn,company_page,comments,13
2026-06-10,LinkedIn,company_page,comments,12
2026-06-11,LinkedIn,company_page,comments,11
2026-06-12,LinkedIn,company_page,comments,9
2026-06-13,LinkedIn,company_page,comments,7
2026-06-14,LinkedIn,company_page,comments,8
2026-06-15,LinkedIn,company_page,comments,10
2026-06-16,LinkedIn,company_page,comments,12
2026-06-17,LinkedIn,company_page,comments,11
2026-06-18,LinkedIn,company_page,comments,9
2026-06-19,LinkedIn,company_page,comments,8
2026-06-20,LinkedIn,company_page,comments,7
2026-06-21,LinkedIn,company_page,comments,7
2026-06-22,LinkedIn,company_page,comments,9
2026-06-23,LinkedIn,company_page,comments,12
2026-06-24,LinkedIn,company_page,comments,13
2026-06-25,LinkedIn,company_page,comments,13
2026-06-26,LinkedIn,company_page,comments,11
2026-06-27,LinkedIn,company_page,comments,8
2026-06-28,LinkedIn,company_page,comments,9
2026-06-29,LinkedIn,company_page,comments,10
2026-06-30,LinkedIn,company_page,comments,13
2026-07-01,LinkedIn,company_page,comments,12
2026-07-02,LinkedIn,company_page,comments,12
2026-07-03,LinkedIn,company_page,comments,9
2026-07-04,LinkedIn,company_page,comments,6
2026-07-05,LinkedIn,company_page,comments,6
2026-07-06,LinkedIn,company_page,comments,10
2026-07-07,LinkedIn,company_page,comments,13
2026-07-08,LinkedIn,company_page,comments,13
2026-07-09,LinkedIn,company_page,comments,12
2026-07-10,LinkedIn,company_page,comments,9
2026-07-11,LinkedIn,company_page,comments,7
2026-07-12,LinkedIn,company_page,comments,8
2026-07-13,LinkedIn,company_page,comments,10
2026-07-14,LinkedIn,company_page,comments,14
2026-07-15,LinkedIn,company_page,comments,13
2026-07-16,LinkedIn,company_page,comments,13
2026-07-17,LinkedIn,company_page,comments,10
2026-07-18,LinkedIn,company_page,comments,8
2026-07-19,LinkedIn,company_page,comments,8
2026-07-20,LinkedIn,company_page,comments,10
2026-07-21,LinkedIn,company_page,comments,12
2026-07-22,LinkedIn,company_page,comments,12
2026-07-23,LinkedIn,company_page,comments,12
2026-07-24,LinkedIn,company_page,comments,10
2026-07-25,LinkedIn,company_page,comments,9
2026-07-26,LinkedIn,company_page,comments,10
2026-07-27,LinkedIn,company_page,comments,13
2026-07-28,LinkedIn,company_page,comments,15
2026-07-29,LinkedIn,company_page,comments,14
2026-07-30,LinkedIn,company_page,comments,12
2026-07-31,LinkedIn,company_page,comments,10
2026-08-01,LinkedIn,company_page,comments,7
2026-08-02,LinkedIn,company_page,comments,9
2026-08-03,LinkedIn,company_page,comments,12
2026-08-04,LinkedIn,company_page,comments,14
2026-08-05,LinkedIn,company_page,comments,14
2026-08-06,LinkedIn,company_page,comments,12
2026-08-07,LinkedIn,company_page,comments,9
2026-08-08,LinkedIn,company_page,comments,6
2026-08-09,LinkedIn,company_page,comments,8
2026-08-10,LinkedIn,company_page,comments,11
2026-08-11,LinkedIn,company_page,comments,13
2026-08-12,LinkedIn,company_page,comments,13
2026-08-13,LinkedIn,company_page,comments,13
2026-08-14,LinkedIn,company_page,comments,12
2026-08-15,LinkedIn,company_page,comments,10
2026-08-16,LinkedIn,company_page,comments,9
2026-08-17,LinkedIn,company_page,comments,10
2026-08-18,LinkedIn,company_page,comments,11
2026-08-19,LinkedIn,company_page,comments,12
2026-08-20,LinkedIn,company_page,comments,12
2026-08-21,LinkedIn,company_page,comments,11
2026-08-22,LinkedIn,company_page,comments,8
2026-08-23,LinkedIn,company_page,comments,7
2026-08-24,LinkedIn,company_page,comments,9
2026-08-25,LinkedIn,company_page,comments,12
2026-08-26,LinkedIn,company_page,comments,12
2026-08-27,LinkedIn,company_page,comments,12
2026-08-28,LinkedIn,company_page,comments,10
2026-08-29,LinkedIn,company_page,comments,9
2026-08-30,LinkedIn,company_page,comments,7
2026-08-31,LinkedIn,company_page,comments,9
2026-09-01,LinkedIn,company_page,comments,12
2026-09-02,LinkedIn,company_page,comments,12
2026-09-03,LinkedIn,company_page,comments,12
2026-09-04,LinkedIn,company_page,comments,8
2026-09-05,LinkedIn,company_page,comments,8
2026-09-06,LinkedIn,company_page,comments,8
2026-09-07,LinkedIn,company_page,comments,12
2026-09-08,LinkedIn,company_page,comments,14
2026-09-09,LinkedIn,company_page,comments,16
2026-09-10,LinkedIn,company_page,comments,15
2026-09-11,LinkedIn,company_page,comments,12
2026-09-12,LinkedIn,company_page,comments,8
2026-09-13,LinkedIn,company_page,comments,10
2026-09-14,LinkedIn,company_page,comments,11
2026-05-18,LinkedIn,company_page,reposts,6
2026-05-19,LinkedIn,company_page,reposts,7
2026-05-20,LinkedIn,company_page,reposts,6
2026-05-21,LinkedIn,company_page,reposts,6
2026-05-22,LinkedIn,company_page,reposts,5
2026-05-23,LinkedIn,company_page,reposts,5
2026-05-24,LinkedIn,company_page,reposts,4
2026-05-25,LinkedIn,company_page,reposts,5
2026-05-26,LinkedIn,company_page,reposts,7
2026-05-27,LinkedIn,company_page,reposts,7
2026-05-28,LinkedIn,company_page,reposts,6
2026-05-29,LinkedIn,company_page,reposts,5
2026-05-30,LinkedIn,company_page,reposts,4
2026-05-31,LinkedIn,company_page,reposts,5
2026-06-01,LinkedIn,company_page,reposts,7
2026-06-02,LinkedIn,company_page,reposts,9
2026-06-03,LinkedIn,company_page,reposts,9
2026-06-04,LinkedIn,company_page,reposts,8
2026-06-05,LinkedIn,company_page,reposts,7
2026-06-06,LinkedIn,company_page,reposts,5
2026-06-07,LinkedIn,company_page,reposts,5
2026-06-08,LinkedIn,company_page,reposts,6
2026-06-09,LinkedIn,company_page,reposts,8
2026-06-10,LinkedIn,company_page,reposts,7
2026-06-11,LinkedIn,company_page,reposts,7
2026-06-12,LinkedIn,company_page,reposts,6
2026-06-13,LinkedIn,company_page,reposts,5
2026-06-14,LinkedIn,company_page,reposts,5
2026-06-15,LinkedIn,company_page,reposts,6
2026-06-16,LinkedIn,company_page,reposts,8
2026-06-17,LinkedIn,company_page,reposts,8
2026-06-18,LinkedIn,company_page,reposts,7
2026-06-19,LinkedIn,company_page,reposts,6
2026-06-20,LinkedIn,company_page,reposts,5
2026-06-21,LinkedIn,company_page,reposts,6
2026-06-22,LinkedIn,company_page,reposts,7
2026-06-23,LinkedIn,company_page,reposts,8
2026-06-24,LinkedIn,company_page,reposts,7
2026-06-25,LinkedIn,company_page,reposts,7
2026-06-26,LinkedIn,company_page,reposts,6
2026-06-27,LinkedIn,company_page,reposts,5
2026-06-28,LinkedIn,company_page,reposts,5
2026-06-29,LinkedIn,company_page,reposts,6
2026-06-30,LinkedIn,company_page,reposts,7
2026-07-01,LinkedIn,company_page,reposts,8
2026-07-02,LinkedIn,company_page,reposts,7
2026-07-03,LinkedIn,company_page,reposts,6
2026-07-04,LinkedIn,company_page,reposts,5
2026-07-05,LinkedIn,company_page,reposts,6
2026-07-06,LinkedIn,company_page,reposts,7
2026-07-07,LinkedIn,company_page,reposts,8
2026-07-08,LinkedIn,company_page,reposts,8
2026-07-09,LinkedIn,company_page,reposts,8
2026-07-10,LinkedIn,company_page,reposts,6
2026-07-11,LinkedIn,company_page,reposts,4
2026-07-12,LinkedIn,company_page,reposts,6
2026-07-13,LinkedIn,company_page,reposts,7
2026-07-14,LinkedIn,company_page,reposts,9
2026-07-15,LinkedIn,company_page,reposts,9
2026-07-16,LinkedIn,company_page,reposts,9
2026-07-17,LinkedIn,company_page,reposts,7
2026-07-18,LinkedIn,company_page,reposts,5
2026-07-19,LinkedIn,company_page,reposts,5
2026-07-20,LinkedIn,company_page,reposts,6
2026-07-21,LinkedIn,company_page,reposts,8
2026-07-22,LinkedIn,company_page,reposts,8
2026-07-23,LinkedIn,company_page,reposts,8
2026-07-24,LinkedIn,company_page,reposts,7
2026-07-25,LinkedIn,company_page,reposts,5
2026-07-26,LinkedIn,company_page,reposts,5
2026-07-27,LinkedIn,company_page,reposts,7
2026-07-28,LinkedIn,company_page,reposts,9
2026-07-29,LinkedIn,company_page,reposts,9
2026-07-30,LinkedIn,company_page,reposts,7
2026-07-31,LinkedIn,company_page,reposts,7
2026-08-01,LinkedIn,company_page,reposts,5
2026-08-02,LinkedIn,company_page,reposts,6
2026-08-03,LinkedIn,company_page,reposts,7
2026-08-04,LinkedIn,company_page,reposts,8
2026-08-05,LinkedIn,company_page,reposts,9
2026-08-06,LinkedIn,company_page,reposts,8
2026-08-07,LinkedIn,company_page,reposts,7
2026-08-08,LinkedIn,company_page,reposts,5
2026-08-09,LinkedIn,company_page,reposts,5
2026-08-10,LinkedIn,company_page,reposts,7
2026-08-11,LinkedIn,company_page,reposts,9
2026-08-12,LinkedIn,company_page,reposts,10
2026-08-13,LinkedIn,company_page,reposts,9
2026-08-14,LinkedIn,company_page,reposts,7
2026-08-15,LinkedIn,company_page,reposts,5
2026-08-16,LinkedIn,company_page,reposts,7
2026-08-17,LinkedIn,company_page,reposts,8
2026-08-18,LinkedIn,company_page,reposts,10
2026-08-19,LinkedIn,company_page,reposts,10
2026-08-20,LinkedIn,company_page,reposts,9
2026-08-21,LinkedIn,company_page,reposts,8
2026-08-22,LinkedIn,company_page,reposts,6
2026-08-23,LinkedIn,company_page,reposts,7
2026-08-24,LinkedIn,company_page,reposts,8
2026-08-25,LinkedIn,company_page,reposts,10
2026-08-26,LinkedIn,company_page,reposts,9
2026-08-27,LinkedIn,company_page,reposts,9
2026-08-28,LinkedIn,company_page,reposts,8
2026-08-29,LinkedIn,company_page,reposts,6
2026-08-30,LinkedIn,company_page,reposts,6
2026-08-31,LinkedIn,company_page,reposts,8
2026-09-01,LinkedIn,company_page,reposts,10
2026-09-02,LinkedIn,company_page,reposts,11
2026-09-03,LinkedIn,company_page,reposts,10
2026-09-04,LinkedIn,company_page,reposts,8
2026-09-05,LinkedIn,company_page,reposts,6
2026-09-06,LinkedIn,company_page,reposts,5
2026-09-07,LinkedIn,company_page,reposts,6
2026-09-08,LinkedIn,company_page,reposts,8
2026-09-09,LinkedIn,company_page,reposts,9
2026-09-10,LinkedIn,company_page,reposts,9
2026-09-11,LinkedIn,company_page,reposts,6
2026-09-12,LinkedIn,company_page,reposts,5
2026-09-13,LinkedIn,company_page,reposts,6
2026-09-14,LinkedIn,company_page,reposts,7
2026-05-18,Facebook,page,views,1397
2026-05-19,Facebook,page,views,1287
2026-05-20,Facebook,page,views,1489
2026-05-21,Facebook,page,views,1398
2026-05-22,Facebook,page,views,1493
2026-05-23,Facebook,page,views,1513
2026-05-24,Facebook,page,views,1698
2026-05-25,Facebook,page,views,1718
2026-05-26,Facebook,page,views,1535
2026-05-27,Facebook,page,views,1363
2026-05-28,Facebook,page,views,1397
2026-05-29,Facebook,page,views,1379
2026-05-30,Facebook,page,views,1332
2026-05-31,Facebook,page,views,1456
2026-06-01,Facebook,page,views,1530
2026-06-02,Facebook,page,views,1877
2026-06-03,Facebook,page,views,1748
2026-06-04,Facebook,page,views,1881
2026-06-05,Facebook,page,views,1608
2026-06-06,Facebook,page,views,1639
2026-06-07,Facebook,page,views,1429
2026-06-08,Facebook,page,views,1387
2026-06-09,Facebook,page,views,1428
2026-06-10,Facebook,page,views,1602
2026-06-11,Facebook,page,views,1649
2026-06-12,Facebook,page,views,1414
2026-06-13,Facebook,page,views,1146
2026-06-14,Facebook,page,views,1027
2026-06-15,Facebook,page,views,1035
2026-06-16,Facebook,page,views,1250
2026-06-17,Facebook,page,views,1512
2026-06-18,Facebook,page,views,1652
2026-06-19,Facebook,page,views,1360
2026-06-20,Facebook,page,views,1181
2026-06-21,Facebook,page,views,1195
2026-06-22,Facebook,page,views,1711
2026-06-23,Facebook,page,views,1652
2026-06-24,Facebook,page,views,1632
2026-06-25,Facebook,page,views,1526
2026-06-26,Facebook,page,views,1653
2026-06-27,Facebook,page,views,1698
2026-06-28,Facebook,page,views,1572
2026-06-29,Facebook,page,views,1648
2026-06-30,Facebook,page,views,1764
2026-07-01,Facebook,page,views,1671
2026-07-02,Facebook,page,views,1674
2026-07-03,Facebook,page,views,1381
2026-07-04,Facebook,page,views,1449
2026-07-05,Facebook,page,views,1411
2026-07-06,Facebook,page,views,1557
2026-07-07,Facebook,page,views,1607
2026-07-08,Facebook,page,views,1525
2026-07-09,Facebook,page,views,1435
2026-07-10,Facebook,page,views,1326
2026-07-11,Facebook,page,views,1235
2026-07-12,Facebook,page,views,1411
2026-07-13,Facebook,page,views,1399
2026-07-14,Facebook,page,views,1674
2026-07-15,Facebook,page,views,1514
2026-07-16,Facebook,page,views,1536
2026-07-17,Facebook,page,views,1314
2026-07-18,Facebook,page,views,1524
2026-07-19,Facebook,page,views,1651
2026-07-20,Facebook,page,views,1775
2026-07-21,Facebook,page,views,1789
2026-07-22,Facebook,page,views,1522
2026-07-23,Facebook,page,views,1490
2026-07-24,Facebook,page,views,1554
2026-07-25,Facebook,page,views,1750
2026-07-26,Facebook,page,views,1794
2026-07-27,Facebook,page,views,1746
2026-07-28,Facebook,page,views,1928
2026-07-29,Facebook,page,views,1698
2026-07-30,Facebook,page,views,1399
2026-07-31,Facebook,page,views,1233
2026-08-01,Facebook,page,views,1333
2026-08-02,Facebook,page,views,1697
2026-08-03,Facebook,page,views,1727
2026-08-04,Facebook,page,views,1657
2026-08-05,Facebook,page,views,1365
2026-08-06,Facebook,page,views,1048
2026-08-07,Facebook,page,views,1174
2026-08-08,Facebook,page,views,1247
2026-08-09,Facebook,page,views,1532
2026-08-10,Facebook,page,views,1780
2026-08-11,Facebook,page,views,2038
2026-08-12,Facebook,page,views,2072
2026-08-13,Facebook,page,views,1647
2026-08-14,Facebook,page,views,1481
2026-08-15,Facebook,page,views,1505
2026-08-16,Facebook,page,views,1814
2026-08-17,Facebook,page,views,1963
2026-08-18,Facebook,page,views,1852
2026-08-19,Facebook,page,views,2058
2026-08-20,Facebook,page,views,1772
2026-08-21,Facebook,page,views,1913
2026-08-22,Facebook,page,views,1435
2026-08-23,Facebook,page,views,1466
2026-08-24,Facebook,page,views,1672
2026-08-25,Facebook,page,views,1915
2026-08-26,Facebook,page,views,2133
2026-08-27,Facebook,page,views,1912
2026-08-28,Facebook,page,views,1846
2026-08-29,Facebook,page,views,1837
2026-08-30,Facebook,page,views,1816
2026-08-31,Facebook,page,views,1694
2026-09-01,Facebook,page,views,1536
2026-09-02,Facebook,page,views,1637
2026-09-03,Facebook,page,views,1855
2026-09-04,Facebook,page,views,1696
2026-09-05,Facebook,page,views,1490
2026-09-06,Facebook,page,views,1406
2026-09-07,Facebook,page,views,1630
2026-09-08,Facebook,page,views,1628
2026-09-09,Facebook,page,views,1625
2026-09-10,Facebook,page,views,1528
2026-09-11,Facebook,page,views,1706
2026-09-12,Facebook,page,views,1817
2026-09-13,Facebook,page,views,1921
2026-09-14,Facebook,page,views,1903
2026-05-18,Facebook,page,reach,1102
2026-05-19,Facebook,page,reach,1059
2026-05-20,Facebook,page,reach,1006
2026-05-21,Facebook,page,reach,895
2026-05-22,Facebook,page,reach,864
2026-05-23,Facebook,page,reach,836
2026-05-24,Facebook,page,reach,936
2026-05-25,Facebook,page,reach,1096
2026-05-26,Facebook,page,reach,1108
2026-05-27,Facebook,page,reach,1101
2026-05-28,Facebook,page,reach,993
2026-05-29,Facebook,page,reach,1088
2026-05-30,Facebook,page,reach,1050
2026-05-31,Facebook,page,reach,977
2026-06-01,Facebook,page,reach,913
2026-06-02,Facebook,page,reach,977
2026-06-03,Facebook,page,reach,1170
2026-06-04,Facebook,page,reach,1074
2026-06-05,Facebook,page,reach,1041
2026-06-06,Facebook,page,reach,1009
2026-06-07,Facebook,page,reach,1182
2026-06-08,Facebook,page,reach,1265
2026-06-09,Facebook,page,reach,1186
2026-06-10,Facebook,page,reach,1191
2026-06-11,Facebook,page,reach,989
2026-06-12,Facebook,page,reach,825
2026-06-13,Facebook,page,reach,865
2026-06-14,Facebook,page,reach,931
2026-06-15,Facebook,page,reach,1035
2026-06-16,Facebook,page,reach,1001
2026-06-17,Facebook,page,reach,970
2026-06-18,Facebook,page,reach,958
2026-06-19,Facebook,page,reach,964
2026-06-20,Facebook,page,reach,1068
2026-06-21,Facebook,page,reach,1141
2026-06-22,Facebook,page,reach,1285
2026-06-23,Facebook,page,reach,1341
2026-06-24,Facebook,page,reach,1437
2026-06-25,Facebook,page,reach,1289
2026-06-26,Facebook,page,reach,1206
2026-06-27,Facebook,page,reach,1124
2026-06-28,Facebook,page,reach,1334
2026-06-29,Facebook,page,reach,1280
2026-06-30,Facebook,page,reach,1234
2026-07-01,Facebook,page,reach,1246
2026-07-02,Facebook,page,reach,1371
2026-07-03,Facebook,page,reach,1354
2026-07-04,Facebook,page,reach,1186
2026-07-05,Facebook,page,reach,1138
2026-07-06,Facebook,page,reach,1215
2026-07-07,Facebook,page,reach,1275
2026-07-08,Facebook,page,reach,1307
2026-07-09,Facebook,page,reach,1249
2026-07-10,Facebook,page,reach,1159
2026-07-11,Facebook,page,reach,1164
2026-07-12,Facebook,page,reach,1411
2026-07-13,Facebook,page,reach,1390
2026-07-14,Facebook,page,reach,1446
2026-07-15,Facebook,page,reach,1135
2026-07-16,Facebook,page,reach,1302
2026-07-17,Facebook,page,reach,1215
2026-07-18,Facebook,page,reach,1300
2026-07-19,Facebook,page,reach,1379
2026-07-20,Facebook,page,reach,1461
2026-07-21,Facebook,page,reach,1574
2026-07-22,Facebook,page,reach,1270
2026-07-23,Facebook,page,reach,1345
2026-07-24,Facebook,page,reach,1208
2026-07-25,Facebook,page,reach,1458
2026-07-26,Facebook,page,reach,1243
2026-07-27,Facebook,page,reach,1205
2026-07-28,Facebook,page,reach,1202
2026-07-29,Facebook,page,reach,1312
2026-07-30,Facebook,page,reach,1372
2026-07-31,Facebook,page,reach,1233
2026-08-01,Facebook,page,reach,1200
2026-08-02,Facebook,page,reach,1289
2026-08-03,Facebook,page,reach,1273
2026-08-04,Facebook,page,reach,1467
2026-08-05,Facebook,page,reach,1249
2026-08-06,Facebook,page,reach,1048
2026-08-07,Facebook,page,reach,1006
2026-08-08,Facebook,page,reach,1150
2026-08-09,Facebook,page,reach,996
2026-08-10,Facebook,page,reach,1271
2026-08-11,Facebook,page,reach,1278
2026-08-12,Facebook,page,reach,1525
2026-08-13,Facebook,page,reach,1462
2026-08-14,Facebook,page,reach,1350
2026-08-15,Facebook,page,reach,1156
2026-08-16,Facebook,page,reach,1317
2026-08-17,Facebook,page,reach,1500
2026-08-18,Facebook,page,reach,1577
2026-08-19,Facebook,page,reach,1440
2026-08-20,Facebook,page,reach,1204
2026-08-21,Facebook,page,reach,1208
2026-08-22,Facebook,page,reach,1037
2026-08-23,Facebook,page,reach,1274
2026-08-24,Facebook,page,reach,1328
2026-08-25,Facebook,page,reach,1789
2026-08-26,Facebook,page,reach,1617
2026-08-27,Facebook,page,reach,1551
2026-08-28,Facebook,page,reach,1399
2026-08-29,Facebook,page,reach,1562
2026-08-30,Facebook,page,reach,1531
2026-08-31,Facebook,page,reach,1474
2026-09-01,Facebook,page,reach,1447
2026-09-02,Facebook,page,reach,1544
2026-09-03,Facebook,page,reach,1412
2026-09-04,Facebook,page,reach,1335
2026-09-05,Facebook,page,reach,1123
2026-09-06,Facebook,page,reach,1227
2026-09-07,Facebook,page,reach,1358
2026-09-08,Facebook,page,reach,1550
2026-09-09,Facebook,page,reach,1382
2026-09-10,Facebook,page,reach,1382
2026-09-11,Facebook,page,reach,1368
2026-09-12,Facebook,page,reach,1415
2026-09-13,Facebook,page,reach,1323
2026-09-14,Facebook,page,reach,1271
2026-05-18,Facebook,page,likes_reactions,33
2026-05-19,Facebook,page,likes_reactions,34
2026-05-20,Facebook,page,likes_reactions,39
2026-05-21,Facebook,page,likes_reactions,38
2026-05-22,Facebook,page,likes_reactions,39
2026-05-23,Facebook,page,likes_reactions,34
2026-05-24,Facebook,page,likes_reactions,37
2026-05-25,Facebook,page,likes_reactions,37
2026-05-26,Facebook,page,likes_reactions,42
2026-05-27,Facebook,page,likes_reactions,41
2026-05-28,Facebook,page,likes_reactions,37
2026-05-29,Facebook,page,likes_reactions,32
2026-05-30,Facebook,page,likes_reactions,31
2026-05-31,Facebook,page,likes_reactions,32
2026-06-01,Facebook,page,likes_reactions,37
2026-06-02,Facebook,page,likes_reactions,39
2026-06-03,Facebook,page,likes_reactions,45
2026-06-04,Facebook,page,likes_reactions,40
2026-06-05,Facebook,page,likes_reactions,40
2026-06-06,Facebook,page,likes_reactions,32
2026-06-07,Facebook,page,likes_reactions,35
2026-06-08,Facebook,page,likes_reactions,37
2026-06-09,Facebook,page,likes_reactions,37
2026-06-10,Facebook,page,likes_reactions,38
2026-06-11,Facebook,page,likes_reactions,40
2026-06-12,Facebook,page,likes_reactions,42
2026-06-13,Facebook,page,likes_reactions,40
2026-06-14,Facebook,page,likes_reactions,40
2026-06-15,Facebook,page,likes_reactions,42
2026-06-16,Facebook,page,likes_reactions,43
2026-06-17,Facebook,page,likes_reactions,37
2026-06-18,Facebook,page,likes_reactions,37
2026-06-19,Facebook,page,likes_reactions,36
2026-06-20,Facebook,page,likes_reactions,37
2026-06-21,Facebook,page,likes_reactions,37
2026-06-22,Facebook,page,likes_reactions,39
2026-06-23,Facebook,page,likes_reactions,42
2026-06-24,Facebook,page,likes_reactions,43
2026-06-25,Facebook,page,likes_reactions,40
2026-06-26,Facebook,page,likes_reactions,41
2026-06-27,Facebook,page,likes_reactions,36
2026-06-28,Facebook,page,likes_reactions,38
2026-06-29,Facebook,page,likes_reactions,42
2026-06-30,Facebook,page,likes_reactions,49
2026-07-01,Facebook,page,likes_reactions,50
2026-07-02,Facebook,page,likes_reactions,44
2026-07-03,Facebook,page,likes_reactions,39
2026-07-04,Facebook,page,likes_reactions,37
2026-07-05,Facebook,page,likes_reactions,40
2026-07-06,Facebook,page,likes_reactions,43
2026-07-07,Facebook,page,likes_reactions,45
2026-07-08,Facebook,page,likes_reactions,45
2026-07-09,Facebook,page,likes_reactions,41
2026-07-10,Facebook,page,likes_reactions,38
2026-07-11,Facebook,page,likes_reactions,38
2026-07-12,Facebook,page,likes_reactions,39
2026-07-13,Facebook,page,likes_reactions,42
2026-07-14,Facebook,page,likes_reactions,41
2026-07-15,Facebook,page,likes_reactions,44
2026-07-16,Facebook,page,likes_reactions,42
2026-07-17,Facebook,page,likes_reactions,45
2026-07-18,Facebook,page,likes_reactions,44
2026-07-19,Facebook,page,likes_reactions,43
2026-07-20,Facebook,page,likes_reactions,44
2026-07-21,Facebook,page,likes_reactions,44
2026-07-22,Facebook,page,likes_reactions,45
2026-07-23,Facebook,page,likes_reactions,43
2026-07-24,Facebook,page,likes_reactions,42
2026-07-25,Facebook,page,likes_reactions,43
2026-07-26,Facebook,page,likes_reactions,42
2026-07-27,Facebook,page,likes_reactions,44
2026-07-28,Facebook,page,likes_reactions,43
2026-07-29,Facebook,page,likes_reactions,44
2026-07-30,Facebook,page,likes_reactions,46
2026-07-31,Facebook,page,likes_reactions,46
2026-08-01,Facebook,page,likes_reactions,49
2026-08-02,Facebook,page,likes_reactions,52
2026-08-03,Facebook,page,likes_reactions,51
2026-08-04,Facebook,page,likes_reactions,51
2026-08-05,Facebook,page,likes_reactions,44
2026-08-06,Facebook,page,likes_reactions,43
2026-08-07,Facebook,page,likes_reactions,40
2026-08-08,Facebook,page,likes_reactions,39
2026-08-09,Facebook,page,likes_reactions,39
2026-08-10,Facebook,page,likes_reactions,42
2026-08-11,Facebook,page,likes_reactions,44
2026-08-12,Facebook,page,likes_reactions,48
2026-08-13,Facebook,page,likes_reactions,45
2026-08-14,Facebook,page,likes_reactions,51
2026-08-15,Facebook,page,likes_reactions,47
2026-08-16,Facebook,page,likes_reactions,49
2026-08-17,Facebook,page,likes_reactions,44
2026-08-18,Facebook,page,likes_reactions,51
2026-08-19,Facebook,page,likes_reactions,53
2026-08-20,Facebook,page,likes_reactions,55
2026-08-21,Facebook,page,likes_reactions,47
2026-08-22,Facebook,page,likes_reactions,43
2026-08-23,Facebook,page,likes_reactions,41
2026-08-24,Facebook,page,likes_reactions,49
2026-08-25,Facebook,page,likes_reactions,53
2026-08-26,Facebook,page,likes_reactions,56
2026-08-27,Facebook,page,likes_reactions,46
2026-08-28,Facebook,page,likes_reactions,40
2026-08-29,Facebook,page,likes_reactions,40
2026-08-30,Facebook,page,likes_reactions,48
2026-08-31,Facebook,page,likes_reactions,55
2026-09-01,Facebook,page,likes_reactions,53
2026-09-02,Facebook,page,likes_reactions,51
2026-09-03,Facebook,page,likes_reactions,49
2026-09-04,Facebook,page,likes_reactions,47
2026-09-05,Facebook,page,likes_reactions,45
2026-09-06,Facebook,page,likes_reactions,44
2026-09-07,Facebook,page,likes_reactions,50
2026-09-08,Facebook,page,likes_reactions,48
2026-09-09,Facebook,page,likes_reactions,47
2026-09-10,Facebook,page,likes_reactions,45
2026-09-11,Facebook,page,likes_reactions,47
2026-09-12,Facebook,page,likes_reactions,45
2026-09-13,Facebook,page,likes_reactions,45
2026-09-14,Facebook,page,likes_reactions,46
2026-05-18,Facebook,page,comments,5
2026-05-19,Facebook,page,comments,5
2026-05-20,Facebook,page,comments,5
2026-05-21,Facebook,page,comments,5
2026-05-22,Facebook,page,comments,4
2026-05-23,Facebook,page,comments,4
2026-05-24,Facebook,page,comments,4
2026-05-25,Facebook,page,comments,5
2026-05-26,Facebook,page,comments,6
2026-05-27,Facebook,page,comments,5
2026-05-28,Facebook,page,comments,4
2026-05-29,Facebook,page,comments,4
2026-05-30,Facebook,page,comments,4
2026-05-31,Facebook,page,comments,5
2026-06-01,Facebook,page,comments,5
2026-06-02,Facebook,page,comments,6
2026-06-03,Facebook,page,comments,6
2026-06-04,Facebook,page,comments,6
2026-06-05,Facebook,page,comments,5
2026-06-06,Facebook,page,comments,4
2026-06-07,Facebook,page,comments,5
2026-06-08,Facebook,page,comments,5
2026-06-09,Facebook,page,comments,6
2026-06-10,Facebook,page,comments,6
2026-06-11,Facebook,page,comments,5
2026-06-12,Facebook,page,comments,5
2026-06-13,Facebook,page,comments,6
2026-06-14,Facebook,page,comments,5
2026-06-15,Facebook,page,comments,5
2026-06-16,Facebook,page,comments,6
2026-06-17,Facebook,page,comments,6
2026-06-18,Facebook,page,comments,5
2026-06-19,Facebook,page,comments,5
2026-06-20,Facebook,page,comments,5
2026-06-21,Facebook,page,comments,5
2026-06-22,Facebook,page,comments,6
2026-06-23,Facebook,page,comments,6
2026-06-24,Facebook,page,comments,6
2026-06-25,Facebook,page,comments,6
2026-06-26,Facebook,page,comments,5
2026-06-27,Facebook,page,comments,5
2026-06-28,Facebook,page,comments,5
2026-06-29,Facebook,page,comments,5
2026-06-30,Facebook,page,comments,5
2026-07-01,Facebook,page,comments,4
2026-07-02,Facebook,page,comments,5
2026-07-03,Facebook,page,comments,4
2026-07-04,Facebook,page,comments,5
2026-07-05,Facebook,page,comments,5
2026-07-06,Facebook,page,comments,6
2026-07-07,Facebook,page,comments,6
2026-07-08,Facebook,page,comments,6
2026-07-09,Facebook,page,comments,6
2026-07-10,Facebook,page,comments,6
2026-07-11,Facebook,page,comments,5
2026-07-12,Facebook,page,comments,5
2026-07-13,Facebook,page,comments,6
2026-07-14,Facebook,page,comments,6
2026-07-15,Facebook,page,comments,6
2026-07-16,Facebook,page,comments,6
2026-07-17,Facebook,page,comments,5
2026-07-18,Facebook,page,comments,6
2026-07-19,Facebook,page,comments,6
2026-07-20,Facebook,page,comments,7
2026-07-21,Facebook,page,comments,7
2026-07-22,Facebook,page,comments,6
2026-07-23,Facebook,page,comments,6
2026-07-24,Facebook,page,comments,6
2026-07-25,Facebook,page,comments,6
2026-07-26,Facebook,page,comments,6
2026-07-27,Facebook,page,comments,6
2026-07-28,Facebook,page,comments,6
2026-07-29,Facebook,page,comments,5
2026-07-30,Facebook,page,comments,5
2026-07-31,Facebook,page,comments,5
2026-08-01,Facebook,page,comments,5
2026-08-02,Facebook,page,comments,6
2026-08-03,Facebook,page,comments,7
2026-08-04,Facebook,page,comments,7
2026-08-05,Facebook,page,comments,7
2026-08-06,Facebook,page,comments,6
2026-08-07,Facebook,page,comments,6
2026-08-08,Facebook,page,comments,6
2026-08-09,Facebook,page,comments,5
2026-08-10,Facebook,page,comments,6
2026-08-11,Facebook,page,comments,6
2026-08-12,Facebook,page,comments,6
2026-08-13,Facebook,page,comments,5
2026-08-14,Facebook,page,comments,6
2026-08-15,Facebook,page,comments,6
2026-08-16,Facebook,page,comments,6
2026-08-17,Facebook,page,comments,6
2026-08-18,Facebook,page,comments,5
2026-08-19,Facebook,page,comments,5
2026-08-20,Facebook,page,comments,5
2026-08-21,Facebook,page,comments,5
2026-08-22,Facebook,page,comments,5
2026-08-23,Facebook,page,comments,6
2026-08-24,Facebook,page,comments,6
2026-08-25,Facebook,page,comments,6
2026-08-26,Facebook,page,comments,6
2026-08-27,Facebook,page,comments,7
2026-08-28,Facebook,page,comments,7
2026-08-29,Facebook,page,comments,6
2026-08-30,Facebook,page,comments,6
2026-08-31,Facebook,page,comments,6
2026-09-01,Facebook,page,comments,6
2026-09-02,Facebook,page,comments,7
2026-09-03,Facebook,page,comments,7
2026-09-04,Facebook,page,comments,6
2026-09-05,Facebook,page,comments,6
2026-09-06,Facebook,page,comments,6
2026-09-07,Facebook,page,comments,6
2026-09-08,Facebook,page,comments,6
2026-09-09,Facebook,page,comments,5
2026-09-10,Facebook,page,comments,6
2026-09-11,Facebook,page,comments,5
2026-09-12,Facebook,page,comments,6
2026-09-13,Facebook,page,comments,6
2026-09-14,Facebook,page,comments,5
2026-05-18,Facebook,page,shares,4
2026-05-19,Facebook,page,shares,4
2026-05-20,Facebook,page,shares,4
2026-05-21,Facebook,page,shares,4
2026-05-22,Facebook,page,shares,4
2026-05-23,Facebook,page,shares,3
2026-05-24,Facebook,page,shares,3
2026-05-25,Facebook,page,shares,4
2026-05-26,Facebook,page,shares,4
2026-05-27,Facebook,page,shares,4
2026-05-28,Facebook,page,shares,4
2026-05-29,Facebook,page,shares,3
2026-05-30,Facebook,page,shares,4
2026-05-31,Facebook,page,shares,4
2026-06-01,Facebook,page,shares,4
2026-06-02,Facebook,page,shares,4
2026-06-03,Facebook,page,shares,4
2026-06-04,Facebook,page,shares,4
2026-06-05,Facebook,page,shares,3
2026-06-06,Facebook,page,shares,3
2026-06-07,Facebook,page,shares,4
2026-06-08,Facebook,page,shares,4
2026-06-09,Facebook,page,shares,4
2026-06-10,Facebook,page,shares,4
2026-06-11,Facebook,page,shares,3
2026-06-12,Facebook,page,shares,3
2026-06-13,Facebook,page,shares,3
2026-06-14,Facebook,page,shares,3
2026-06-15,Facebook,page,shares,4
2026-06-16,Facebook,page,shares,5
2026-06-17,Facebook,page,shares,5
2026-06-18,Facebook,page,shares,4
2026-06-19,Facebook,page,shares,4
2026-06-20,Facebook,page,shares,4
2026-06-21,Facebook,page,shares,4
2026-06-22,Facebook,page,shares,4
2026-06-23,Facebook,page,shares,4
2026-06-24,Facebook,page,shares,4
2026-06-25,Facebook,page,shares,4
2026-06-26,Facebook,page,shares,4
2026-06-27,Facebook,page,shares,4
2026-06-28,Facebook,page,shares,4
2026-06-29,Facebook,page,shares,4
2026-06-30,Facebook,page,shares,4
2026-07-01,Facebook,page,shares,5
2026-07-02,Facebook,page,shares,5
2026-07-03,Facebook,page,shares,4
2026-07-04,Facebook,page,shares,4
2026-07-05,Facebook,page,shares,4
2026-07-06,Facebook,page,shares,5
2026-07-07,Facebook,page,shares,5
2026-07-08,Facebook,page,shares,5
2026-07-09,Facebook,page,shares,5
2026-07-10,Facebook,page,shares,5
2026-07-11,Facebook,page,shares,5
2026-07-12,Facebook,page,shares,4
2026-07-13,Facebook,page,shares,4
2026-07-14,Facebook,page,shares,5
2026-07-15,Facebook,page,shares,5
2026-07-16,Facebook,page,shares,5
2026-07-17,Facebook,page,shares,5
2026-07-18,Facebook,page,shares,4
2026-07-19,Facebook,page,shares,4
2026-07-20,Facebook,page,shares,4
2026-07-21,Facebook,page,shares,5
2026-07-22,Facebook,page,shares,5
2026-07-23,Facebook,page,shares,5
2026-07-24,Facebook,page,shares,4
2026-07-25,Facebook,page,shares,4
2026-07-26,Facebook,page,shares,4
2026-07-27,Facebook,page,shares,5
2026-07-28,Facebook,page,shares,5
2026-07-29,Facebook,page,shares,5
2026-07-30,Facebook,page,shares,5
2026-07-31,Facebook,page,shares,5
2026-08-01,Facebook,page,shares,5
2026-08-02,Facebook,page,shares,5
2026-08-03,Facebook,page,shares,5
2026-08-04,Facebook,page,shares,6
2026-08-05,Facebook,page,shares,5
2026-08-06,Facebook,page,shares,5
2026-08-07,Facebook,page,shares,5
2026-08-08,Facebook,page,shares,5
2026-08-09,Facebook,page,shares,4
2026-08-10,Facebook,page,shares,5
2026-08-11,Facebook,page,shares,5
2026-08-12,Facebook,page,shares,5
2026-08-13,Facebook,page,shares,5
2026-08-14,Facebook,page,shares,5
2026-08-15,Facebook,page,shares,5
2026-08-16,Facebook,page,shares,5
2026-08-17,Facebook,page,shares,5
2026-08-18,Facebook,page,shares,6
2026-08-19,Facebook,page,shares,6
2026-08-20,Facebook,page,shares,6
2026-08-21,Facebook,page,shares,5
2026-08-22,Facebook,page,shares,5
2026-08-23,Facebook,page,shares,5
2026-08-24,Facebook,page,shares,5
2026-08-25,Facebook,page,shares,6
2026-08-26,Facebook,page,shares,5
2026-08-27,Facebook,page,shares,5
2026-08-28,Facebook,page,shares,5
2026-08-29,Facebook,page,shares,4
2026-08-30,Facebook,page,shares,4
2026-08-31,Facebook,page,shares,5
2026-09-01,Facebook,page,shares,4
2026-09-02,Facebook,page,shares,5
2026-09-03,Facebook,page,shares,4
2026-09-04,Facebook,page,shares,5
2026-09-05,Facebook,page,shares,5
2026-09-06,Facebook,page,shares,5
2026-09-07,Facebook,page,shares,5
2026-09-08,Facebook,page,shares,6
2026-09-09,Facebook,page,shares,6
2026-09-10,Facebook,page,shares,5
2026-09-11,Facebook,page,shares,5
2026-09-12,Facebook,page,shares,5
2026-09-13,Facebook,page,shares,5
2026-09-14,Facebook,page,shares,5
2026-05-18,Facebook,page,link_clicks,14
2026-05-19,Facebook,page,link_clicks,15
2026-05-20,Facebook,page,link_clicks,14
2026-05-21,Facebook,page,link_clicks,12
2026-05-22,Facebook,page,link_clicks,10
2026-05-23,Facebook,page,link_clicks,10
2026-05-24,Facebook,page,link_clicks,12
2026-05-25,Facebook,page,link_clicks,13
2026-05-26,Facebook,page,link_clicks,12
2026-05-27,Facebook,page,link_clicks,13
2026-05-28,Facebook,page,link_clicks,11
2026-05-29,Facebook,page,link_clicks,12
2026-05-30,Facebook,page,link_clicks,13
2026-05-31,Facebook,page,link_clicks,14
2026-06-01,Facebook,page,link_clicks,15
2026-06-02,Facebook,page,link_clicks,13
2026-06-03,Facebook,page,link_clicks,12
2026-06-04,Facebook,page,link_clicks,11
2026-06-05,Facebook,page,link_clicks,10
2026-06-06,Facebook,page,link_clicks,10
2026-06-07,Facebook,page,link_clicks,11
2026-06-08,Facebook,page,link_clicks,13
2026-06-09,Facebook,page,link_clicks,15
2026-06-10,Facebook,page,link_clicks,13
2026-06-11,Facebook,page,link_clicks,13
2026-06-12,Facebook,page,link_clicks,13
2026-06-13,Facebook,page,link_clicks,12
2026-06-14,Facebook,page,link_clicks,13
2026-06-15,Facebook,page,link_clicks,13
2026-06-16,Facebook,page,link_clicks,13
2026-06-17,Facebook,page,link_clicks,12
2026-06-18,Facebook,page,link_clicks,11
2026-06-19,Facebook,page,link_clicks,10
2026-06-20,Facebook,page,link_clicks,11
2026-06-21,Facebook,page,link_clicks,11
2026-06-22,Facebook,page,link_clicks,12
2026-06-23,Facebook,page,link_clicks,13
2026-06-24,Facebook,page,link_clicks,12
2026-06-25,Facebook,page,link_clicks,11
2026-06-26,Facebook,page,link_clicks,11
2026-06-27,Facebook,page,link_clicks,12
2026-06-28,Facebook,page,link_clicks,12
2026-06-29,Facebook,page,link_clicks,13
2026-06-30,Facebook,page,link_clicks,14
2026-07-01,Facebook,page,link_clicks,15
2026-07-02,Facebook,page,link_clicks,15
2026-07-03,Facebook,page,link_clicks,13
2026-07-04,Facebook,page,link_clicks,12
2026-07-05,Facebook,page,link_clicks,12
2026-07-06,Facebook,page,link_clicks,14
2026-07-07,Facebook,page,link_clicks,15
2026-07-08,Facebook,page,link_clicks,15
2026-07-09,Facebook,page,link_clicks,15
2026-07-10,Facebook,page,link_clicks,14
2026-07-11,Facebook,page,link_clicks,14
2026-07-12,Facebook,page,link_clicks,14
2026-07-13,Facebook,page,link_clicks,14
2026-07-14,Facebook,page,link_clicks,13
2026-07-15,Facebook,page,link_clicks,14
2026-07-16,Facebook,page,link_clicks,14
2026-07-17,Facebook,page,link_clicks,14
2026-07-18,Facebook,page,link_clicks,12
2026-07-19,Facebook,page,link_clicks,12
2026-07-20,Facebook,page,link_clicks,14
2026-07-21,Facebook,page,link_clicks,15
2026-07-22,Facebook,page,link_clicks,15
2026-07-23,Facebook,page,link_clicks,14
2026-07-24,Facebook,page,link_clicks,13
2026-07-25,Facebook,page,link_clicks,12
2026-07-26,Facebook,page,link_clicks,13
2026-07-27,Facebook,page,link_clicks,15
2026-07-28,Facebook,page,link_clicks,16
2026-07-29,Facebook,page,link_clicks,16
2026-07-30,Facebook,page,link_clicks,16
2026-07-31,Facebook,page,link_clicks,14
2026-08-01,Facebook,page,link_clicks,14
2026-08-02,Facebook,page,link_clicks,14
2026-08-03,Facebook,page,link_clicks,15
2026-08-04,Facebook,page,link_clicks,16
2026-08-05,Facebook,page,link_clicks,17
2026-08-06,Facebook,page,link_clicks,16
2026-08-07,Facebook,page,link_clicks,14
2026-08-08,Facebook,page,link_clicks,13
2026-08-09,Facebook,page,link_clicks,13
2026-08-10,Facebook,page,link_clicks,15
2026-08-11,Facebook,page,link_clicks,17
2026-08-12,Facebook,page,link_clicks,17
2026-08-13,Facebook,page,link_clicks,17
2026-08-14,Facebook,page,link_clicks,15
2026-08-15,Facebook,page,link_clicks,15
2026-08-16,Facebook,page,link_clicks,17
2026-08-17,Facebook,page,link_clicks,17
2026-08-18,Facebook,page,link_clicks,18
2026-08-19,Facebook,page,link_clicks,15
2026-08-20,Facebook,page,link_clicks,15
2026-08-21,Facebook,page,link_clicks,14
2026-08-22,Facebook,page,link_clicks,15
2026-08-23,Facebook,page,link_clicks,15
2026-08-24,Facebook,page,link_clicks,17
2026-08-25,Facebook,page,link_clicks,17
2026-08-26,Facebook,page,link_clicks,17
2026-08-27,Facebook,page,link_clicks,17
2026-08-28,Facebook,page,link_clicks,17
2026-08-29,Facebook,page,link_clicks,16
2026-08-30,Facebook,page,link_clicks,14
2026-08-31,Facebook,page,link_clicks,13
2026-09-01,Facebook,page,link_clicks,16
2026-09-02,Facebook,page,link_clicks,16
2026-09-03,Facebook,page,link_clicks,16
2026-09-04,Facebook,page,link_clicks,15
2026-09-05,Facebook,page,link_clicks,15
2026-09-06,Facebook,page,link_clicks,15
2026-09-07,Facebook,page,link_clicks,15
2026-09-08,Facebook,page,link_clicks,15
2026-09-09,Facebook,page,link_clicks,16
2026-09-10,Facebook,page,link_clicks,17
2026-09-11,Facebook,page,link_clicks,15
2026-09-12,Facebook,page,link_clicks,15
2026-09-13,Facebook,page,link_clicks,14
2026-09-14,Facebook,page,link_clicks,15
2026-05-18,Facebook,page,leads,2
2026-05-19,Facebook,page,leads,2
2026-05-20,Facebook,page,leads,2
2026-05-21,Facebook,page,leads,2
2026-05-22,Facebook,page,leads,2
2026-05-23,Facebook,page,leads,2
2026-05-24,Facebook,page,leads,2
2026-05-25,Facebook,page,leads,2
2026-05-26,Facebook,page,leads,2
2026-05-27,Facebook,page,leads,2
2026-05-28,Facebook,page,leads,2
2026-05-29,Facebook,page,leads,2
2026-05-30,Facebook,page,leads,2
2026-05-31,Facebook,page,leads,2
2026-06-01,Facebook,page,leads,2
2026-06-02,Facebook,page,leads,2
2026-06-03,Facebook,page,leads,2
2026-06-04,Facebook,page,leads,2
2026-06-05,Facebook,page,leads,2
2026-06-06,Facebook,page,leads,2
2026-06-07,Facebook,page,leads,2
2026-06-08,Facebook,page,leads,2
2026-06-09,Facebook,page,leads,2
2026-06-10,Facebook,page,leads,2
2026-06-11,Facebook,page,leads,2
2026-06-12,Facebook,page,leads,2
2026-06-13,Facebook,page,leads,2
2026-06-14,Facebook,page,leads,2
2026-06-15,Facebook,page,leads,2
2026-06-16,Facebook,page,leads,3
2026-06-17,Facebook,page,leads,2
2026-06-18,Facebook,page,leads,2
2026-06-19,Facebook,page,leads,2
2026-06-20,Facebook,page,leads,2
2026-06-21,Facebook,page,leads,2
2026-06-22,Facebook,page,leads,2
2026-06-23,Facebook,page,leads,2
2026-06-24,Facebook,page,leads,2
2026-06-25,Facebook,page,leads,2
2026-06-26,Facebook,page,leads,2
2026-06-27,Facebook,page,leads,2
2026-06-28,Facebook,page,leads,2
2026-06-29,Facebook,page,leads,2
2026-06-30,Facebook,page,leads,3
2026-07-01,Facebook,page,leads,3
2026-07-02,Facebook,page,leads,2
2026-07-03,Facebook,page,leads,2
2026-07-04,Facebook,page,leads,2
2026-07-05,Facebook,page,leads,2
2026-07-06,Facebook,page,leads,2
2026-07-07,Facebook,page,leads,3
2026-07-08,Facebook,page,leads,3
2026-07-09,Facebook,page,leads,3
2026-07-10,Facebook,page,leads,3
2026-07-11,Facebook,page,leads,2
2026-07-12,Facebook,page,leads,2
2026-07-13,Facebook,page,leads,2
2026-07-14,Facebook,page,leads,2
2026-07-15,Facebook,page,leads,2
2026-07-16,Facebook,page,leads,2
2026-07-17,Facebook,page,leads,2
2026-07-18,Facebook,page,leads,2
2026-07-19,Facebook,page,leads,2
2026-07-20,Facebook,page,leads,2
2026-07-21,Facebook,page,leads,2
2026-07-22,Facebook,page,leads,2
2026-07-23,Facebook,page,leads,3
2026-07-24,Facebook,page,leads,3
2026-07-25,Facebook,page,leads,3
2026-07-26,Facebook,page,leads,3
2026-07-27,Facebook,page,leads,2
2026-07-28,Facebook,page,leads,2
2026-07-29,Facebook,page,leads,2
2026-07-30,Facebook,page,leads,2
2026-07-31,Facebook,page,leads,2
2026-08-01,Facebook,page,leads,2
2026-08-02,Facebook,page,leads,2
2026-08-03,Facebook,page,leads,2
2026-08-04,Facebook,page,leads,2
2026-08-05,Facebook,page,leads,3
2026-08-06,Facebook,page,leads,2
2026-08-07,Facebook,page,leads,2
2026-08-08,Facebook,page,leads,2
2026-08-09,Facebook,page,leads,2
2026-08-10,Facebook,page,leads,3
2026-08-11,Facebook,page,leads,2
2026-08-12,Facebook,page,leads,2
2026-08-13,Facebook,page,leads,2
2026-08-14,Facebook,page,leads,2
2026-08-15,Facebook,page,leads,2
2026-08-16,Facebook,page,leads,2
2026-08-17,Facebook,page,leads,2
2026-08-18,Facebook,page,leads,2
2026-08-19,Facebook,page,leads,3
2026-08-20,Facebook,page,leads,2
2026-08-21,Facebook,page,leads,2
2026-08-22,Facebook,page,leads,2
2026-08-23,Facebook,page,leads,3
2026-08-24,Facebook,page,leads,3
2026-08-25,Facebook,page,leads,3
2026-08-26,Facebook,page,leads,2
2026-08-27,Facebook,page,leads,2
2026-08-28,Facebook,page,leads,2
2026-08-29,Facebook,page,leads,2
2026-08-30,Facebook,page,leads,3
2026-08-31,Facebook,page,leads,3
2026-09-01,Facebook,page,leads,3
2026-09-02,Facebook,page,leads,2
2026-09-03,Facebook,page,leads,2
2026-09-04,Facebook,page,leads,2
2026-09-05,Facebook,page,leads,2
2026-09-06,Facebook,page,leads,2
2026-09-07,Facebook,page,leads,3
2026-09-08,Facebook,page,leads,3
2026-09-09,Facebook,page,leads,2
2026-09-10,Facebook,page,leads,2
2026-09-11,Facebook,page,leads,2
2026-09-12,Facebook,page,leads,2
2026-09-13,Facebook,page,leads,2
2026-09-14,Facebook,page,leads,2
2026-05-18,Instagram,account,views,2188
2026-05-19,Instagram,account,views,2275
2026-05-20,Instagram,account,views,2160
2026-05-21,Instagram,account,views,2156
2026-05-22,Instagram,account,views,1959
2026-05-23,Instagram,account,views,1946
2026-05-24,Instagram,account,views,2222
2026-05-25,Instagram,account,views,2415
2026-05-26,Instagram,account,views,2220
2026-05-27,Instagram,account,views,1990
2026-05-28,Instagram,account,views,1940
2026-05-29,Instagram,account,views,2205
2026-05-30,Instagram,account,views,2036
2026-05-31,Instagram,account,views,2086
2026-06-01,Instagram,account,views,2178
2026-06-02,Instagram,account,views,2691
2026-06-03,Instagram,account,views,2443
2026-06-04,Instagram,account,views,2189
2026-06-05,Instagram,account,views,1699
2026-06-06,Instagram,account,views,1679
2026-06-07,Instagram,account,views,1662
2026-06-08,Instagram,account,views,1414
2026-06-09,Instagram,account,views,1518
2026-06-10,Instagram,account,views,1693
2026-06-11,Instagram,account,views,1959
2026-06-12,Instagram,account,views,2161
2026-06-13,Instagram,account,views,2050
2026-06-14,Instagram,account,views,2330
2026-06-15,Instagram,account,views,2239
2026-06-16,Instagram,account,views,2465
2026-06-17,Instagram,account,views,2332
2026-06-18,Instagram,account,views,2411
2026-06-19,Instagram,account,views,2201
2026-06-20,Instagram,account,views,2160
2026-06-21,Instagram,account,views,2071
2026-06-22,Instagram,account,views,2132
2026-06-23,Instagram,account,views,2240
2026-06-24,Instagram,account,views,2509
2026-06-25,Instagram,account,views,2450
2026-06-26,Instagram,account,views,2344
2026-06-27,Instagram,account,views,2124
2026-06-28,Instagram,account,views,2364
2026-06-29,Instagram,account,views,2424
2026-06-30,Instagram,account,views,2018
2026-07-01,Instagram,account,views,1935
2026-07-02,Instagram,account,views,1564
2026-07-03,Instagram,account,views,2011
2026-07-04,Instagram,account,views,1892
2026-07-05,Instagram,account,views,2382
2026-07-06,Instagram,account,views,2167
2026-07-07,Instagram,account,views,2022
2026-07-08,Instagram,account,views,1921
2026-07-09,Instagram,account,views,1986
2026-07-10,Instagram,account,views,2055
2026-07-11,Instagram,account,views,1960
2026-07-12,Instagram,account,views,2415
2026-07-13,Instagram,account,views,2725
2026-07-14,Instagram,account,views,2994
2026-07-15,Instagram,account,views,2717
2026-07-16,Instagram,account,views,2728
2026-07-17,Instagram,account,views,2433
2026-07-18,Instagram,account,views,1961
2026-07-19,Instagram,account,views,1766
2026-07-20,Instagram,account,views,2038
2026-07-21,Instagram,account,views,2279
2026-07-22,Instagram,account,views,2287
2026-07-23,Instagram,account,views,1989
2026-07-24,Instagram,account,views,2240
2026-07-25,Instagram,account,views,2299
2026-07-26,Instagram,account,views,2541
2026-07-27,Instagram,account,views,2556
2026-07-28,Instagram,account,views,2567
2026-07-29,Instagram,account,views,2503
2026-07-30,Instagram,account,views,2158
2026-07-31,Instagram,account,views,1750
2026-08-01,Instagram,account,views,1669
2026-08-02,Instagram,account,views,1937
2026-08-03,Instagram,account,views,2561
2026-08-04,Instagram,account,views,2919
2026-08-05,Instagram,account,views,3120
2026-08-06,Instagram,account,views,2701
2026-08-07,Instagram,account,views,2282
2026-08-08,Instagram,account,views,2031
2026-08-09,Instagram,account,views,2625
2026-08-10,Instagram,account,views,3044
2026-08-11,Instagram,account,views,3287
2026-08-12,Instagram,account,views,2831
2026-08-13,Instagram,account,views,2377
2026-08-14,Instagram,account,views,2190
2026-08-15,Instagram,account,views,2018
2026-08-16,Instagram,account,views,2159
2026-08-17,Instagram,account,views,2152
2026-08-18,Instagram,account,views,2707
2026-08-19,Instagram,account,views,2693
2026-08-20,Instagram,account,views,2262
2026-08-21,Instagram,account,views,1950
2026-08-22,Instagram,account,views,1829
2026-08-23,Instagram,account,views,2258
2026-08-24,Instagram,account,views,2297
2026-08-25,Instagram,account,views,2480
2026-08-26,Instagram,account,views,2609
2026-08-27,Instagram,account,views,2307
2026-08-28,Instagram,account,views,2160
2026-08-29,Instagram,account,views,2054
2026-08-30,Instagram,account,views,2239
2026-08-31,Instagram,account,views,2165
2026-09-01,Instagram,account,views,2310
2026-09-02,Instagram,account,views,2605
2026-09-03,Instagram,account,views,2801
2026-09-04,Instagram,account,views,2268
2026-09-05,Instagram,account,views,2109
2026-09-06,Instagram,account,views,1884
2026-09-07,Instagram,account,views,2366
2026-09-08,Instagram,account,views,2234
2026-09-09,Instagram,account,views,2322
2026-09-10,Instagram,account,views,2117
2026-09-11,Instagram,account,views,2125
2026-09-12,Instagram,account,views,2143
2026-09-13,Instagram,account,views,2363
2026-09-14,Instagram,account,views,2437
2026-05-18,Instagram,account,reach,1573
2026-05-19,Instagram,account,reach,1588
2026-05-20,Instagram,account,reach,1568
2026-05-21,Instagram,account,reach,1343
2026-05-22,Instagram,account,reach,1100
2026-05-23,Instagram,account,reach,1148
2026-05-24,Instagram,account,reach,1223
2026-05-25,Instagram,account,reach,1200
2026-05-26,Instagram,account,reach,1196
2026-05-27,Instagram,account,reach,1146
2026-05-28,Instagram,account,reach,1496
2026-05-29,Instagram,account,reach,1328
2026-05-30,Instagram,account,reach,1242
2026-05-31,Instagram,account,reach,1233
2026-06-01,Instagram,account,reach,1610
2026-06-02,Instagram,account,reach,1741
2026-06-03,Instagram,account,reach,1569
2026-06-04,Instagram,account,reach,1439
2026-06-05,Instagram,account,reach,1232
2026-06-06,Instagram,account,reach,1078
2026-06-07,Instagram,account,reach,1019
2026-06-08,Instagram,account,reach,1414
2026-06-09,Instagram,account,reach,1518
2026-06-10,Instagram,account,reach,1693
2026-06-11,Instagram,account,reach,1627
2026-06-12,Instagram,account,reach,1798
2026-06-13,Instagram,account,reach,1686
2026-06-14,Instagram,account,reach,1602
2026-06-15,Instagram,account,reach,1688
2026-06-16,Instagram,account,reach,1657
2026-06-17,Instagram,account,reach,1771
2026-06-18,Instagram,account,reach,1420
2026-06-19,Instagram,account,reach,1523
2026-06-20,Instagram,account,reach,1342
2026-06-21,Instagram,account,reach,1373
2026-06-22,Instagram,account,reach,1337
2026-06-23,Instagram,account,reach,1476
2026-06-24,Instagram,account,reach,1689
2026-06-25,Instagram,account,reach,1737
2026-06-26,Instagram,account,reach,1636
2026-06-27,Instagram,account,reach,1535
2026-06-28,Instagram,account,reach,1474
2026-06-29,Instagram,account,reach,1637
2026-06-30,Instagram,account,reach,1761
2026-07-01,Instagram,account,reach,1935
2026-07-02,Instagram,account,reach,1564
2026-07-03,Instagram,account,reach,1764
2026-07-04,Instagram,account,reach,1505
2026-07-05,Instagram,account,reach,1666
2026-07-06,Instagram,account,reach,1736
2026-07-07,Instagram,account,reach,1700
2026-07-08,Instagram,account,reach,1674
2026-07-09,Instagram,account,reach,1597
2026-07-10,Instagram,account,reach,1523
2026-07-11,Instagram,account,reach,1420
2026-07-12,Instagram,account,reach,1652
2026-07-13,Instagram,account,reach,1710
2026-07-14,Instagram,account,reach,1571
2026-07-15,Instagram,account,reach,1246
2026-07-16,Instagram,account,reach,1129
2026-07-17,Instagram,account,reach,1132
2026-07-18,Instagram,account,reach,1281
2026-07-19,Instagram,account,reach,1313
2026-07-20,Instagram,account,reach,1453
2026-07-21,Instagram,account,reach,1466
2026-07-22,Instagram,account,reach,1556
2026-07-23,Instagram,account,reach,1732
2026-07-24,Instagram,account,reach,1812
2026-07-25,Instagram,account,reach,1811
2026-07-26,Instagram,account,reach,1645
2026-07-27,Instagram,account,reach,1614
2026-07-28,Instagram,account,reach,1745
2026-07-29,Instagram,account,reach,1871
2026-07-30,Instagram,account,reach,1769
2026-07-31,Instagram,account,reach,1648
2026-08-01,Instagram,account,reach,1308
2026-08-02,Instagram,account,reach,1469
2026-08-03,Instagram,account,reach,1653
2026-08-04,Instagram,account,reach,1927
2026-08-05,Instagram,account,reach,2123
2026-08-06,Instagram,account,reach,1873
2026-08-07,Instagram,account,reach,1846
2026-08-08,Instagram,account,reach,1569
2026-08-09,Instagram,account,reach,1691
2026-08-10,Instagram,account,reach,1748
2026-08-11,Instagram,account,reach,1860
2026-08-12,Instagram,account,reach,1979
2026-08-13,Instagram,account,reach,2097
2026-08-14,Instagram,account,reach,1996
2026-08-15,Instagram,account,reach,1926
2026-08-16,Instagram,account,reach,1715
2026-08-17,Instagram,account,reach,1910
2026-08-18,Instagram,account,reach,1818
2026-08-19,Instagram,account,reach,2043
2026-08-20,Instagram,account,reach,2147
2026-08-21,Instagram,account,reach,1950
2026-08-22,Instagram,account,reach,1705
2026-08-23,Instagram,account,reach,1413
2026-08-24,Instagram,account,reach,1685
2026-08-25,Instagram,account,reach,2101
2026-08-26,Instagram,account,reach,2204
2026-08-27,Instagram,account,reach,2105
2026-08-28,Instagram,account,reach,1997
2026-08-29,Instagram,account,reach,2045
2026-08-30,Instagram,account,reach,2077
2026-08-31,Instagram,account,reach,2165
2026-09-01,Instagram,account,reach,2310
2026-09-02,Instagram,account,reach,2336
2026-09-03,Instagram,account,reach,2036
2026-09-04,Instagram,account,reach,1828
2026-09-05,Instagram,account,reach,1850
2026-09-06,Instagram,account,reach,1884
2026-09-07,Instagram,account,reach,2229
2026-09-08,Instagram,account,reach,2150
2026-09-09,Instagram,account,reach,2050
2026-09-10,Instagram,account,reach,1883
2026-09-11,Instagram,account,reach,1941
2026-09-12,Instagram,account,reach,2021
2026-09-13,Instagram,account,reach,1833
2026-09-14,Instagram,account,reach,1620
2026-05-18,Instagram,account,likes_reactions,79
2026-05-19,Instagram,account,likes_reactions,77
2026-05-20,Instagram,account,likes_reactions,72
2026-05-21,Instagram,account,likes_reactions,70
2026-05-22,Instagram,account,likes_reactions,69
2026-05-23,Instagram,account,likes_reactions,72
2026-05-24,Instagram,account,likes_reactions,67
2026-05-25,Instagram,account,likes_reactions,72
2026-05-26,Instagram,account,likes_reactions,75
2026-05-27,Instagram,account,likes_reactions,80
2026-05-28,Instagram,account,likes_reactions,75
2026-05-29,Instagram,account,likes_reactions,75
2026-05-30,Instagram,account,likes_reactions,69
2026-05-31,Instagram,account,likes_reactions,68
2026-06-01,Instagram,account,likes_reactions,75
2026-06-02,Instagram,account,likes_reactions,76
2026-06-03,Instagram,account,likes_reactions,71
2026-06-04,Instagram,account,likes_reactions,67
2026-06-05,Instagram,account,likes_reactions,69
2026-06-06,Instagram,account,likes_reactions,73
2026-06-07,Instagram,account,likes_reactions,74
2026-06-08,Instagram,account,likes_reactions,75
2026-06-09,Instagram,account,likes_reactions,80
2026-06-10,Instagram,account,likes_reactions,79
2026-06-11,Instagram,account,likes_reactions,76
2026-06-12,Instagram,account,likes_reactions,69
2026-06-13,Instagram,account,likes_reactions,73
2026-06-14,Instagram,account,likes_reactions,70
2026-06-15,Instagram,account,likes_reactions,76
2026-06-16,Instagram,account,likes_reactions,69
2026-06-17,Instagram,account,likes_reactions,74
2026-06-18,Instagram,account,likes_reactions,69
2026-06-19,Instagram,account,likes_reactions,65
2026-06-20,Instagram,account,likes_reactions,64
2026-06-21,Instagram,account,likes_reactions,66
2026-06-22,Instagram,account,likes_reactions,68
2026-06-23,Instagram,account,likes_reactions,74
2026-06-24,Instagram,account,likes_reactions,81
2026-06-25,Instagram,account,likes_reactions,90
2026-06-26,Instagram,account,likes_reactions,85
2026-06-27,Instagram,account,likes_reactions,78
2026-06-28,Instagram,account,likes_reactions,79
2026-06-29,Instagram,account,likes_reactions,88
2026-06-30,Instagram,account,likes_reactions,96
2026-07-01,Instagram,account,likes_reactions,89
2026-07-02,Instagram,account,likes_reactions,81
2026-07-03,Instagram,account,likes_reactions,74
2026-07-04,Instagram,account,likes_reactions,69
2026-07-05,Instagram,account,likes_reactions,72
2026-07-06,Instagram,account,likes_reactions,83
2026-07-07,Instagram,account,likes_reactions,95
2026-07-08,Instagram,account,likes_reactions,99
2026-07-09,Instagram,account,likes_reactions,89
2026-07-10,Instagram,account,likes_reactions,82
2026-07-11,Instagram,account,likes_reactions,76
2026-07-12,Instagram,account,likes_reactions,74
2026-07-13,Instagram,account,likes_reactions,75
2026-07-14,Instagram,account,likes_reactions,83
2026-07-15,Instagram,account,likes_reactions,91
2026-07-16,Instagram,account,likes_reactions,88
2026-07-17,Instagram,account,likes_reactions,83
2026-07-18,Instagram,account,likes_reactions,75
2026-07-19,Instagram,account,likes_reactions,81
2026-07-20,Instagram,account,likes_reactions,84
2026-07-21,Instagram,account,likes_reactions,93
2026-07-22,Instagram,account,likes_reactions,92
2026-07-23,Instagram,account,likes_reactions,93
2026-07-24,Instagram,account,likes_reactions,86
2026-07-25,Instagram,account,likes_reactions,85
2026-07-26,Instagram,account,likes_reactions,79
2026-07-27,Instagram,account,likes_reactions,90
2026-07-28,Instagram,account,likes_reactions,95
2026-07-29,Instagram,account,likes_reactions,100
2026-07-30,Instagram,account,likes_reactions,84
2026-07-31,Instagram,account,likes_reactions,75
2026-08-01,Instagram,account,likes_reactions,74
2026-08-02,Instagram,account,likes_reactions,82
2026-08-03,Instagram,account,likes_reactions,82
2026-08-04,Instagram,account,likes_reactions,87
2026-08-05,Instagram,account,likes_reactions,84
2026-08-06,Instagram,account,likes_reactions,94
2026-08-07,Instagram,account,likes_reactions,85
2026-08-08,Instagram,account,likes_reactions,85
2026-08-09,Instagram,account,likes_reactions,86
2026-08-10,Instagram,account,likes_reactions,87
2026-08-11,Instagram,account,likes_reactions,87
2026-08-12,Instagram,account,likes_reactions,82
2026-08-13,Instagram,account,likes_reactions,86
2026-08-14,Instagram,account,likes_reactions,81
2026-08-15,Instagram,account,likes_reactions,74
2026-08-16,Instagram,account,likes_reactions,75
2026-08-17,Instagram,account,likes_reactions,82
2026-08-18,Instagram,account,likes_reactions,91
2026-08-19,Instagram,account,likes_reactions,81
2026-08-20,Instagram,account,likes_reactions,78
2026-08-21,Instagram,account,likes_reactions,75
2026-08-22,Instagram,account,likes_reactions,83
2026-08-23,Instagram,account,likes_reactions,84
2026-08-24,Instagram,account,likes_reactions,96
2026-08-25,Instagram,account,likes_reactions,94
2026-08-26,Instagram,account,likes_reactions,95
2026-08-27,Instagram,account,likes_reactions,91
2026-08-28,Instagram,account,likes_reactions,90
2026-08-29,Instagram,account,likes_reactions,88
2026-08-30,Instagram,account,likes_reactions,83
2026-08-31,Instagram,account,likes_reactions,93
2026-09-01,Instagram,account,likes_reactions,106
2026-09-02,Instagram,account,likes_reactions,104
2026-09-03,Instagram,account,likes_reactions,95
2026-09-04,Instagram,account,likes_reactions,85
2026-09-05,Instagram,account,likes_reactions,82
2026-09-06,Instagram,account,likes_reactions,83
2026-09-07,Instagram,account,likes_reactions,88
2026-09-08,Instagram,account,likes_reactions,101
2026-09-09,Instagram,account,likes_reactions,106
2026-09-10,Instagram,account,likes_reactions,102
2026-09-11,Instagram,account,likes_reactions,92
2026-09-12,Instagram,account,likes_reactions,87
2026-09-13,Instagram,account,likes_reactions,87
2026-09-14,Instagram,account,likes_reactions,90
2026-05-18,Instagram,account,comments,7
2026-05-19,Instagram,account,comments,7
2026-05-20,Instagram,account,comments,6
2026-05-21,Instagram,account,comments,7
2026-05-22,Instagram,account,comments,7
2026-05-23,Instagram,account,comments,8
2026-05-24,Instagram,account,comments,7
2026-05-25,Instagram,account,comments,8
2026-05-26,Instagram,account,comments,8
2026-05-27,Instagram,account,comments,8
2026-05-28,Instagram,account,comments,7
2026-05-29,Instagram,account,comments,6
2026-05-30,Instagram,account,comments,6
2026-05-31,Instagram,account,comments,7
2026-06-01,Instagram,account,comments,7
2026-06-02,Instagram,account,comments,7
2026-06-03,Instagram,account,comments,7
2026-06-04,Instagram,account,comments,7
2026-06-05,Instagram,account,comments,7
2026-06-06,Instagram,account,comments,7
2026-06-07,Instagram,account,comments,6
2026-06-08,Instagram,account,comments,7
2026-06-09,Instagram,account,comments,7
2026-06-10,Instagram,account,comments,7
2026-06-11,Instagram,account,comments,7
2026-06-12,Instagram,account,comments,7
2026-06-13,Instagram,account,comments,7
2026-06-14,Instagram,account,comments,7
2026-06-15,Instagram,account,comments,7
2026-06-16,Instagram,account,comments,8
2026-06-17,Instagram,account,comments,8
2026-06-18,Instagram,account,comments,8
2026-06-19,Instagram,account,comments,8
2026-06-20,Instagram,account,comments,7
2026-06-21,Instagram,account,comments,7
2026-06-22,Instagram,account,comments,8
2026-06-23,Instagram,account,comments,9
2026-06-24,Instagram,account,comments,8
2026-06-25,Instagram,account,comments,7
2026-06-26,Instagram,account,comments,7
2026-06-27,Instagram,account,comments,8
2026-06-28,Instagram,account,comments,8
2026-06-29,Instagram,account,comments,8
2026-06-30,Instagram,account,comments,8
2026-07-01,Instagram,account,comments,7
2026-07-02,Instagram,account,comments,7
2026-07-03,Instagram,account,comments,7
2026-07-04,Instagram,account,comments,7
2026-07-05,Instagram,account,comments,7
2026-07-06,Instagram,account,comments,7
2026-07-07,Instagram,account,comments,6
2026-07-08,Instagram,account,comments,7
2026-07-09,Instagram,account,comments,7
2026-07-10,Instagram,account,comments,8
2026-07-11,Instagram,account,comments,8
2026-07-12,Instagram,account,comments,9
2026-07-13,Instagram,account,comments,9
2026-07-14,Instagram,account,comments,9
2026-07-15,Instagram,account,comments,8
2026-07-16,Instagram,account,comments,8
2026-07-17,Instagram,account,comments,7
2026-07-18,Instagram,account,comments,8
2026-07-19,Instagram,account,comments,8
2026-07-20,Instagram,account,comments,9
2026-07-21,Instagram,account,comments,9
2026-07-22,Instagram,account,comments,9
2026-07-23,Instagram,account,comments,7
2026-07-24,Instagram,account,comments,7
2026-07-25,Instagram,account,comments,7
2026-07-26,Instagram,account,comments,8
2026-07-27,Instagram,account,comments,9
2026-07-28,Instagram,account,comments,9
2026-07-29,Instagram,account,comments,9
2026-07-30,Instagram,account,comments,8
2026-07-31,Instagram,account,comments,8
2026-08-01,Instagram,account,comments,8
2026-08-02,Instagram,account,comments,8
2026-08-03,Instagram,account,comments,9
2026-08-04,Instagram,account,comments,9
2026-08-05,Instagram,account,comments,9
2026-08-06,Instagram,account,comments,9
2026-08-07,Instagram,account,comments,8
2026-08-08,Instagram,account,comments,8
2026-08-09,Instagram,account,comments,7
2026-08-10,Instagram,account,comments,8
2026-08-11,Instagram,account,comments,8
2026-08-12,Instagram,account,comments,8
2026-08-13,Instagram,account,comments,9
2026-08-14,Instagram,account,comments,9
2026-08-15,Instagram,account,comments,8
2026-08-16,Instagram,account,comments,7
2026-08-17,Instagram,account,comments,8
2026-08-18,Instagram,account,comments,9
2026-08-19,Instagram,account,comments,10
2026-08-20,Instagram,account,comments,9
2026-08-21,Instagram,account,comments,8
2026-08-22,Instagram,account,comments,8
2026-08-23,Instagram,account,comments,9
2026-08-24,Instagram,account,comments,11
2026-08-25,Instagram,account,comments,11
2026-08-26,Instagram,account,comments,10
2026-08-27,Instagram,account,comments,9
2026-08-28,Instagram,account,comments,8
2026-08-29,Instagram,account,comments,8
2026-08-30,Instagram,account,comments,9
2026-08-31,Instagram,account,comments,11
2026-09-01,Instagram,account,comments,10
2026-09-02,Instagram,account,comments,10
2026-09-03,Instagram,account,comments,9
2026-09-04,Instagram,account,comments,9
2026-09-05,Instagram,account,comments,9
2026-09-06,Instagram,account,comments,8
2026-09-07,Instagram,account,comments,8
2026-09-08,Instagram,account,comments,9
2026-09-09,Instagram,account,comments,10
2026-09-10,Instagram,account,comments,10
2026-09-11,Instagram,account,comments,9
2026-09-12,Instagram,account,comments,9
2026-09-13,Instagram,account,comments,10
2026-09-14,Instagram,account,comments,10
2026-05-18,Instagram,account,shares,8
2026-05-19,Instagram,account,shares,8
2026-05-20,Instagram,account,shares,9
2026-05-21,Instagram,account,shares,9
2026-05-22,Instagram,account,shares,9
2026-05-23,Instagram,account,shares,7
2026-05-24,Instagram,account,shares,8
2026-05-25,Instagram,account,shares,10
2026-05-26,Instagram,account,shares,11
2026-05-27,Instagram,account,shares,11
2026-05-28,Instagram,account,shares,10
2026-05-29,Instagram,account,shares,9
2026-05-30,Instagram,account,shares,9
2026-05-31,Instagram,account,shares,8
2026-06-01,Instagram,account,shares,10
2026-06-02,Instagram,account,shares,11
2026-06-03,Instagram,account,shares,11
2026-06-04,Instagram,account,shares,10
2026-06-05,Instagram,account,shares,9
2026-06-06,Instagram,account,shares,9
2026-06-07,Instagram,account,shares,9
2026-06-08,Instagram,account,shares,10
2026-06-09,Instagram,account,shares,10
2026-06-10,Instagram,account,shares,11
2026-06-11,Instagram,account,shares,10
2026-06-12,Instagram,account,shares,9
2026-06-13,Instagram,account,shares,9
2026-06-14,Instagram,account,shares,9
2026-06-15,Instagram,account,shares,9
2026-06-16,Instagram,account,shares,10
2026-06-17,Instagram,account,shares,11
2026-06-18,Instagram,account,shares,10
2026-06-19,Instagram,account,shares,9
2026-06-20,Instagram,account,shares,9
2026-06-21,Instagram,account,shares,10
2026-06-22,Instagram,account,shares,11
2026-06-23,Instagram,account,shares,11
2026-06-24,Instagram,account,shares,11
2026-06-25,Instagram,account,shares,10
2026-06-26,Instagram,account,shares,9
2026-06-27,Instagram,account,shares,9
2026-06-28,Instagram,account,shares,10
2026-06-29,Instagram,account,shares,10
2026-06-30,Instagram,account,shares,10
2026-07-01,Instagram,account,shares,10
2026-07-02,Instagram,account,shares,11
2026-07-03,Instagram,account,shares,10
2026-07-04,Instagram,account,shares,9
2026-07-05,Instagram,account,shares,8
2026-07-06,Instagram,account,shares,9
2026-07-07,Instagram,account,shares,9
2026-07-08,Instagram,account,shares,10
2026-07-09,Instagram,account,shares,10
2026-07-10,Instagram,account,shares,9
2026-07-11,Instagram,account,shares,9
2026-07-12,Instagram,account,shares,9
2026-07-13,Instagram,account,shares,10
2026-07-14,Instagram,account,shares,11
2026-07-15,Instagram,account,shares,12
2026-07-16,Instagram,account,shares,11
2026-07-17,Instagram,account,shares,10
2026-07-18,Instagram,account,shares,9
2026-07-19,Instagram,account,shares,10
2026-07-20,Instagram,account,shares,10
2026-07-21,Instagram,account,shares,10
2026-07-22,Instagram,account,shares,12
2026-07-23,Instagram,account,shares,13
2026-07-24,Instagram,account,shares,11
2026-07-25,Instagram,account,shares,11
2026-07-26,Instagram,account,shares,10
2026-07-27,Instagram,account,shares,12
2026-07-28,Instagram,account,shares,12
2026-07-29,Instagram,account,shares,12
2026-07-30,Instagram,account,shares,11
2026-07-31,Instagram,account,shares,10
2026-08-01,Instagram,account,shares,11
2026-08-02,Instagram,account,shares,11
2026-08-03,Instagram,account,shares,12
2026-08-04,Instagram,account,shares,12
2026-08-05,Instagram,account,shares,12
2026-08-06,Instagram,account,shares,12
2026-08-07,Instagram,account,shares,11
2026-08-08,Instagram,account,shares,12
2026-08-09,Instagram,account,shares,11
2026-08-10,Instagram,account,shares,10
2026-08-11,Instagram,account,shares,10
2026-08-12,Instagram,account,shares,10
2026-08-13,Instagram,account,shares,11
2026-08-14,Instagram,account,shares,11
2026-08-15,Instagram,account,shares,11
2026-08-16,Instagram,account,shares,12
2026-08-17,Instagram,account,shares,13
2026-08-18,Instagram,account,shares,14
2026-08-19,Instagram,account,shares,12
2026-08-20,Instagram,account,shares,12
2026-08-21,Instagram,account,shares,11
2026-08-22,Instagram,account,shares,12
2026-08-23,Instagram,account,shares,11
2026-08-24,Instagram,account,shares,11
2026-08-25,Instagram,account,shares,10
2026-08-26,Instagram,account,shares,11
2026-08-27,Instagram,account,shares,11
2026-08-28,Instagram,account,shares,13
2026-08-29,Instagram,account,shares,11
2026-08-30,Instagram,account,shares,11
2026-08-31,Instagram,account,shares,11
2026-09-01,Instagram,account,shares,13
2026-09-02,Instagram,account,shares,14
2026-09-03,Instagram,account,shares,13
2026-09-04,Instagram,account,shares,11
2026-09-05,Instagram,account,shares,10
2026-09-06,Instagram,account,shares,9
2026-09-07,Instagram,account,shares,9
2026-09-08,Instagram,account,shares,11
2026-09-09,Instagram,account,shares,10
2026-09-10,Instagram,account,shares,10
2026-09-11,Instagram,account,shares,9
2026-09-12,Instagram,account,shares,9
2026-09-13,Instagram,account,shares,11
2026-09-14,Instagram,account,shares,11
2026-05-18,Instagram,account,link_clicks,11
2026-05-19,Instagram,account,link_clicks,11
2026-05-20,Instagram,account,link_clicks,12
2026-05-21,Instagram,account,link_clicks,11
2026-05-22,Instagram,account,link_clicks,10
2026-05-23,Instagram,account,link_clicks,10
2026-05-24,Instagram,account,link_clicks,10
2026-05-25,Instagram,account,link_clicks,10
2026-05-26,Instagram,account,link_clicks,10
2026-05-27,Instagram,account,link_clicks,10
2026-05-28,Instagram,account,link_clicks,10
2026-05-29,Instagram,account,link_clicks,10
2026-05-30,Instagram,account,link_clicks,9
2026-05-31,Instagram,account,link_clicks,9
2026-06-01,Instagram,account,link_clicks,9
2026-06-02,Instagram,account,link_clicks,10
2026-06-03,Instagram,account,link_clicks,11
2026-06-04,Instagram,account,link_clicks,11
2026-06-05,Instagram,account,link_clicks,10
2026-06-06,Instagram,account,link_clicks,9
2026-06-07,Instagram,account,link_clicks,9
2026-06-08,Instagram,account,link_clicks,10
2026-06-09,Instagram,account,link_clicks,10
2026-06-10,Instagram,account,link_clicks,11
2026-06-11,Instagram,account,link_clicks,10
2026-06-12,Instagram,account,link_clicks,11
2026-06-13,Instagram,account,link_clicks,10
2026-06-14,Instagram,account,link_clicks,10
2026-06-15,Instagram,account,link_clicks,10
2026-06-16,Instagram,account,link_clicks,11
2026-06-17,Instagram,account,link_clicks,12
2026-06-18,Instagram,account,link_clicks,12
2026-06-19,Instagram,account,link_clicks,10
2026-06-20,Instagram,account,link_clicks,9
2026-06-21,Instagram,account,link_clicks,10
2026-06-22,Instagram,account,link_clicks,13
2026-06-23,Instagram,account,link_clicks,15
2026-06-24,Instagram,account,link_clicks,13
2026-06-25,Instagram,account,link_clicks,12
2026-06-26,Instagram,account,link_clicks,10
2026-06-27,Instagram,account,link_clicks,10
2026-06-28,Instagram,account,link_clicks,9
2026-06-29,Instagram,account,link_clicks,10
2026-06-30,Instagram,account,link_clicks,10
2026-07-01,Instagram,account,link_clicks,11
2026-07-02,Instagram,account,link_clicks,12
2026-07-03,Instagram,account,link_clicks,12
2026-07-04,Instagram,account,link_clicks,10
2026-07-05,Instagram,account,link_clicks,10
2026-07-06,Instagram,account,link_clicks,10
2026-07-07,Instagram,account,link_clicks,12
2026-07-08,Instagram,account,link_clicks,13
2026-07-09,Instagram,account,link_clicks,13
2026-07-10,Instagram,account,link_clicks,12
2026-07-11,Instagram,account,link_clicks,9
2026-07-12,Instagram,account,link_clicks,8
2026-07-13,Instagram,account,link_clicks,10
2026-07-14,Instagram,account,link_clicks,12
2026-07-15,Instagram,account,link_clicks,12
2026-07-16,Instagram,account,link_clicks,12
2026-07-17,Instagram,account,link_clicks,12
2026-07-18,Instagram,account,link_clicks,13
2026-07-19,Instagram,account,link_clicks,12
2026-07-20,Instagram,account,link_clicks,11
2026-07-21,Instagram,account,link_clicks,12
2026-07-22,Instagram,account,link_clicks,13
2026-07-23,Instagram,account,link_clicks,13
2026-07-24,Instagram,account,link_clicks,13
2026-07-25,Instagram,account,link_clicks,12
2026-07-26,Instagram,account,link_clicks,12
2026-07-27,Instagram,account,link_clicks,12
2026-07-28,Instagram,account,link_clicks,12
2026-07-29,Instagram,account,link_clicks,11
2026-07-30,Instagram,account,link_clicks,9
2026-07-31,Instagram,account,link_clicks,8
2026-08-01,Instagram,account,link_clicks,10
2026-08-02,Instagram,account,link_clicks,11
2026-08-03,Instagram,account,link_clicks,13
2026-08-04,Instagram,account,link_clicks,14
2026-08-05,Instagram,account,link_clicks,13
2026-08-06,Instagram,account,link_clicks,13
2026-08-07,Instagram,account,link_clicks,11
2026-08-08,Instagram,account,link_clicks,11
2026-08-09,Instagram,account,link_clicks,11
2026-08-10,Instagram,account,link_clicks,11
2026-08-11,Instagram,account,link_clicks,13
2026-08-12,Instagram,account,link_clicks,12
2026-08-13,Instagram,account,link_clicks,14
2026-08-14,Instagram,account,link_clicks,13
2026-08-15,Instagram,account,link_clicks,13
2026-08-16,Instagram,account,link_clicks,12
2026-08-17,Instagram,account,link_clicks,13
2026-08-18,Instagram,account,link_clicks,13
2026-08-19,Instagram,account,link_clicks,13
2026-08-20,Instagram,account,link_clicks,13
2026-08-21,Instagram,account,link_clicks,12
2026-08-22,Instagram,account,link_clicks,11
2026-08-23,Instagram,account,link_clicks,11
2026-08-24,Instagram,account,link_clicks,14
2026-08-25,Instagram,account,link_clicks,15
2026-08-26,Instagram,account,link_clicks,16
2026-08-27,Instagram,account,link_clicks,14
2026-08-28,Instagram,account,link_clicks,13
2026-08-29,Instagram,account,link_clicks,11
2026-08-30,Instagram,account,link_clicks,11
2026-08-31,Instagram,account,link_clicks,12
2026-09-01,Instagram,account,link_clicks,15
2026-09-02,Instagram,account,link_clicks,15
2026-09-03,Instagram,account,link_clicks,15
2026-09-04,Instagram,account,link_clicks,14
2026-09-05,Instagram,account,link_clicks,15
2026-09-06,Instagram,account,link_clicks,14
2026-09-07,Instagram,account,link_clicks,16
2026-09-08,Instagram,account,link_clicks,15
2026-09-09,Instagram,account,link_clicks,15
2026-09-10,Instagram,account,link_clicks,12
2026-09-11,Instagram,account,link_clicks,13
2026-09-12,Instagram,account,link_clicks,14
2026-09-13,Instagram,account,link_clicks,14
2026-09-14,Instagram,account,link_clicks,13
2026-05-18,Instagram,account,leads,4
2026-05-19,Instagram,account,leads,4
2026-05-20,Instagram,account,leads,3
2026-05-21,Instagram,account,leads,3
2026-05-22,Instagram,account,leads,2
2026-05-23,Instagram,account,leads,2
2026-05-24,Instagram,account,leads,3
2026-05-25,Instagram,account,leads,3
2026-05-26,Instagram,account,leads,3
2026-05-27,Instagram,account,leads,4
2026-05-28,Instagram,account,leads,4
2026-05-29,Instagram,account,leads,3
2026-05-30,Instagram,account,leads,3
2026-05-31,Instagram,account,leads,3
2026-06-01,Instagram,account,leads,3
2026-06-02,Instagram,account,leads,3
2026-06-03,Instagram,account,leads,3
2026-06-04,Instagram,account,leads,3
2026-06-05,Instagram,account,leads,3
2026-06-06,Instagram,account,leads,2
2026-06-07,Instagram,account,leads,3
2026-06-08,Instagram,account,leads,3
2026-06-09,Instagram,account,leads,4
2026-06-10,Instagram,account,leads,3
2026-06-11,Instagram,account,leads,3
2026-06-12,Instagram,account,leads,3
2026-06-13,Instagram,account,leads,3
2026-06-14,Instagram,account,leads,3
2026-06-15,Instagram,account,leads,3
2026-06-16,Instagram,account,leads,3
2026-06-17,Instagram,account,leads,4
2026-06-18,Instagram,account,leads,3
2026-06-19,Instagram,account,leads,3
2026-06-20,Instagram,account,leads,3
2026-06-21,Instagram,account,leads,3
2026-06-22,Instagram,account,leads,4
2026-06-23,Instagram,account,leads,4
2026-06-24,Instagram,account,leads,3
2026-06-25,Instagram,account,leads,3
2026-06-26,Instagram,account,leads,3
2026-06-27,Instagram,account,leads,3
2026-06-28,Instagram,account,leads,3
2026-06-29,Instagram,account,leads,3
2026-06-30,Instagram,account,leads,3
2026-07-01,Instagram,account,leads,3
2026-07-02,Instagram,account,leads,3
2026-07-03,Instagram,account,leads,3
2026-07-04,Instagram,account,leads,4
2026-07-05,Instagram,account,leads,4
2026-07-06,Instagram,account,leads,4
2026-07-07,Instagram,account,leads,4
2026-07-08,Instagram,account,leads,3
2026-07-09,Instagram,account,leads,3
2026-07-10,Instagram,account,leads,3
2026-07-11,Instagram,account,leads,3
2026-07-12,Instagram,account,leads,3
2026-07-13,Instagram,account,leads,3
2026-07-14,Instagram,account,leads,3
2026-07-15,Instagram,account,leads,3
2026-07-16,Instagram,account,leads,4
2026-07-17,Instagram,account,leads,4
2026-07-18,Instagram,account,leads,4
2026-07-19,Instagram,account,leads,4
2026-07-20,Instagram,account,leads,4
2026-07-21,Instagram,account,leads,4
2026-07-22,Instagram,account,leads,4
2026-07-23,Instagram,account,leads,4
2026-07-24,Instagram,account,leads,4
2026-07-25,Instagram,account,leads,4
2026-07-26,Instagram,account,leads,4
2026-07-27,Instagram,account,leads,4
2026-07-28,Instagram,account,leads,4
2026-07-29,Instagram,account,leads,4
2026-07-30,Instagram,account,leads,4
2026-07-31,Instagram,account,leads,4
2026-08-01,Instagram,account,leads,3
2026-08-02,Instagram,account,leads,3
2026-08-03,Instagram,account,leads,3
2026-08-04,Instagram,account,leads,3
2026-08-05,Instagram,account,leads,4
2026-08-06,Instagram,account,leads,4
2026-08-07,Instagram,account,leads,3
2026-08-08,Instagram,account,leads,3
2026-08-09,Instagram,account,leads,3
2026-08-10,Instagram,account,leads,4
2026-08-11,Instagram,account,leads,4
2026-08-12,Instagram,account,leads,4
2026-08-13,Instagram,account,leads,3
2026-08-14,Instagram,account,leads,4
2026-08-15,Instagram,account,leads,4
2026-08-16,Instagram,account,leads,4
2026-08-17,Instagram,account,leads,4
2026-08-18,Instagram,account,leads,4
2026-08-19,Instagram,account,leads,4
2026-08-20,Instagram,account,leads,4
2026-08-21,Instagram,account,leads,4
2026-08-22,Instagram,account,leads,3
2026-08-23,Instagram,account,leads,4
2026-08-24,Instagram,account,leads,4
2026-08-25,Instagram,account,leads,4
2026-08-26,Instagram,account,leads,4
2026-08-27,Instagram,account,leads,4
2026-08-28,Instagram,account,leads,4
2026-08-29,Instagram,account,leads,4
2026-08-30,Instagram,account,leads,4
2026-08-31,Instagram,account,leads,4
2026-09-01,Instagram,account,leads,4
2026-09-02,Instagram,account,leads,4
2026-09-03,Instagram,account,leads,3
2026-09-04,Instagram,account,leads,3
2026-09-05,Instagram,account,leads,4
2026-09-06,Instagram,account,leads,4
2026-09-07,Instagram,account,leads,5
2026-09-08,Instagram,account,leads,5
2026-09-09,Instagram,account,leads,5
2026-09-10,Instagram,account,leads,4
2026-09-11,Instagram,account,leads,4
2026-09-12,Instagram,account,leads,3
2026-09-13,Instagram,account,leads,3
2026-09-14,Instagram,account,leads,3
